Stock,Current Price,Previous Price,Change Rate (%)
AAPL,232.87,229.87,1.31
NVDA,136.02,141.95,-4.18
MSFT,418.79,417.0,0.43
AMZN,201.45,197.12,2.2
META,565.11,559.14,1.07
GOOGL,167.65,164.76,1.75
TSLA,338.59,352.56,-3.96
GOOG,169.43,166.57,1.72
AVGO,164.82,164.23,0.36
COST,960.89,964.01,-0.32
NFLX,865.59,897.79,-3.59
TMUS,239.94,238.28,0.7
ASML,684.47,672.88,1.72
CSCO,58.74,58.55,0.32
AMD,141.13,138.35,2.01
ADBE,518.73,512.15,1.28
PEP,163.05,162.0,0.65
LIN,455.69,454.78,0.2
AZN,66.4,65.63,1.17
ISRG,536.55,547.87,-2.07
TXN,202.93,198.0,2.49
INTU,634.62,640.12,-0.86
QCOM,158.82,156.79,1.29
BKNG,5108.83,5177.15,-1.32
CMCSA,43.2,43.47,-0.62
AMGN,294.0,294.53,-0.18
HON,230.6,229.11,0.65
ARM,139.68,135.99,2.71
AMAT,174.55,174.88,-0.19
PDD,100.69,100.07,0.62
PANW,386.38,383.36,0.79
ADP,304.665,305.15,-0.16
SNY,48.35,48.28,0.14
VRTX,461.71,450.97,2.38
MU,104.48,102.64,1.79
SBUX,101.84,102.5,-0.64
GILD,90.49,90.19,0.33
ADI,223.58,214.59,4.19
INTC,24.87,24.5,1.51
APP,319.59,333.31,-4.12
MELI,2099.95,2005.0,4.74
LRCX,73.71,72.64,1.47
EQIX,974.35,936.37,4.06
CTAS,223.9,221.76,0.97
CRWD,363.68,372.26,-2.3
ABNB,140.93,137.34,2.61
PYPL,87.77,86.77,1.15
MDLZ,64.94,64.4,0.84
SNPS,561.87,565.07,-0.57
KLAC,644.67,639.55,0.8
CDNS,312.39,311.87,0.17
CME,229.37,229.04,0.14
REGN,749.51,738.0,1.56
MSTR,403.45,421.88,-4.37
IBKR,190.98,191.62,-0.33
MAR,288.0,284.29,1.31
MRVL,92.24,92.51,-0.29
COIN,312.22,304.64,2.49
CEG,248.93,249.89,-0.38
DASH,179.1,177.24,1.05
ORLY,1238.76,1227.37,0.93
FTNT,93.12,92.77,0.38
WDAY,267.69,267.75,-0.02
CSX,36.62,35.78,2.35
ADSK,319.39,321.27,-0.59
TEAM,261.0,260.58,0.16
TTD,129.35,129.7,-0.27
CPRT,63.75,62.7,1.67
PCAR,116.54,114.75,1.56
ROP,557.94,560.14,-0.39
NXPI,233.85,226.38,3.3
NTES,85.4,86.45,-1.21
CHTR,384.47,388.27,-0.98
MNST,54.98,54.06,1.7
DDOG,156.63,154.83,1.16
FANG,179.55,185.29,-3.1
PAYX,145.26,144.46,0.55
AEP,98.1,97.59,0.52
ROST,153.29,146.09,4.93
JD,34.51,34.68,-0.49
ODFL,225.11,220.25,2.21
FAST,83.75,83.08,0.81
AXON,619.0,636.95,-2.82
NDAQ,81.52,81.07,0.56
KDP,32.85,32.66,0.58
BKR,43.55,44.25,-1.58
EA,164.14,166.67,-1.52
TFINP,23.75,23.3,1.93
TCOM,64.53,63.64,1.4
VRSK,291.49,290.73,0.26
XEL,71.6,71.35,0.35
LULU,326.72,317.11,3.03
CTSH,80.63,79.54,1.37
EXC,39.13,38.71,1.08
KHC,32.02,31.81,0.66
GEHC,82.66,82.44,0.27
ACGL,100.06,99.69,0.37
MCHP,69.85,66.69,4.74
ARGX,605.66,605.92,-0.04
CCEP,78.14,78.21,-0.09
IDXX,428.59,417.24,2.72
HOOD,37.85,36.65,3.27
TTWO,187.62,188.15,-0.28
CSGP,80.28,79.81,0.59
FITB,48.44,47.9,1.13
ALNY,250.98,244.89,2.49
ZS,210.42,210.96,-0.26
UAL,96.83,95.24,1.67
WTW,314.63,314.4,0.07
EBAY,64.99,63.24,2.77
ON,72.39,69.62,3.98
ANSS,352.14,350.0,0.61
TSCO,285.99,280.61,1.92
DXCM,77.83,72.83,6.87
FCNCA,2341.02,2353.08,-0.51
FER,40.45,38.76,4.36
MPWR,600.86,580.81,3.45
BIDU,82.67,80.33,2.91
BNTX,120.76,113.13,6.74
TW,135.0,135.99,-0.73
ZM,89.03,85.88,3.67
TROW,122.97,119.84,2.61
HBAN,18.2,17.89,1.73
NTAP,126.18,122.34,3.14
TPG,71.29,70.66,0.89
WBD,10.4,10.11,2.87
MDB,341.36,332.5,2.66
ERIC,8.16,8.14,0.25
CINF,159.42,156.47,1.89
GFS,44.95,42.8,5.02
LPLA,325.12,326.85,-0.53
SBAC,225.98,220.66,2.41
CDW,181.34,178.335,1.69
PTC,200.59,197.64,1.49
WDC,69.425,66.43,4.51
RYAAY,43.79,42.98,1.88
LI,22.44,22.28,0.72
EXPE,184.08,184.92,-0.45
BIIB,158.71,157.9,0.51
VOD,8.91,8.73,2.06
EXE,98.87,99.43,-0.56
ILMN,143.82,140.14,2.63
ERIE,431.3,428.5,0.65
SMCI,38.41,33.15,15.87
STLD,144.98,143.57,0.98
SYM,37.47,38.785,-3.39
NTRS,110.53,109.46,0.98
AFRM,69.35,66.55,4.21
NTRA,164.39,167.26,-1.72
STX,101.36,99.62,1.75
DKNG,43.0,43.09,-0.21
GRAB,5.14,5.07,1.38
ZBRA,400.94,397.19,0.94
FSLR,192.82,186.05,3.64
COO,102.4,100.8,1.59
BGNE,190.3,190.51,-0.11
KSPI,106.19,104.0,2.11
CHKP,183.18,181.75,0.79
PFG,87.04,85.73,1.53
FWONK,87.89,84.17,4.42
NTNX,72.8,73.18,-0.52
CG,54.39,53.65,1.38
JBHT,188.35,182.4,3.26
SSNC,76.87,76.12,0.99
GEN,30.62,30.19,1.42
PODD,266.58,262.93,1.39
HOLX,79.73,78.97,0.96
TER,110.67,108.09,2.39
ALGN,240.52,225.89,6.48
ICLR,216.76,214.25,1.17
TRMB,72.95,72.32,0.87
MANH,290.74,280.4,3.69
VRSN,181.91,180.77,0.63
DOCU,85.51,83.03,2.99
FTAI,168.26,173.71,-3.14
ULTA,362.65,338.38,7.17
SOFI,15.7,15.6,0.64
ALAB,107.31,102.28,4.92
MRNA,43.66,41.11,6.2
WMG,32.05,31.85,0.63
UTHR,368.66,372.89,-1.13
LNT,63.63,63.32,0.49
ENTG,108.02,107.24,0.73
VTRS,13.36,13.37,-0.07
FLEX,41.07,41.3,-0.56
AZPN,250.94,250.85,0.04
CASY,426.69,427.88,-0.28
RPRX,26.47,26.43,0.15
EWBC,111.23,110.08,1.04
DUOL,348.0,351.97,-1.13
MORN,352.76,346.21,1.89
NDSN,263.62,261.27,0.9
MBLY,18.5,17.97,2.95
BSY,49.62,48.51,2.29
LINE,65.62,64.1,2.37
EVRG,64.49,64.26,0.36
SAIA,557.27,541.69,2.88
SFM,147.98,147.13,0.58
Z,84.34,83.77,0.68
FFIV,248.74,246.98,0.71
DLTR,69.78,66.4,5.09
POOL,390.03,366.49,6.42
MNDY,296.1,284.59,4.04
AKAM,94.64,92.9,1.87
ARCC,22.0,22.02,-0.09
INCY,73.52,71.72,2.51
SMMT,19.19,19.0,1.0
GLPI,51.28,50.92,0.71
SWKS,87.93,85.41,2.95
CYBR,324.37,319.73,1.45
LOGI,81.76,79.58,2.74
CPB,45.93,45.29,1.41
LAMR,133.42,130.35,2.36
TXRH,202.12,194.9,3.7
REG,74.02,74.24,-0.3
INSM,74.09,73.15,1.29
GMAB,20.79,20.65,0.68
OKTA,76.5,76.57,-0.09
HST,18.42,18.25,0.93
NBIX,127.11,125.65,1.16
CHRW,107.54,107.61,-0.07
JKHY,172.39,172.5,-0.06
LECO,219.94,213.52,3.01
BMRN,65.09,64.26,1.29
PAA,17.57,17.94,-2.06
WIX,223.41,217.2,2.86
MMYT,109.9,108.73,1.08
RKLB,24.06,23.26,3.44
PPC,50.31,51.71,-2.71
RIVN,11.6,10.24,13.28
TECH,74.39,71.28,4.36
PCTY,210.11,205.28,2.35
FUTU,84.0,84.22,-0.26
NICE,183.7,176.16,4.28
PCVX,91.7,88.54,3.57
COKE,1299.6,1259.92,3.15
ESLT,253.11,250.11,1.2
CART,43.61,43.22,0.9
AAON,137.59,137.42,0.12
HLNE,201.57,199.55,1.01
NWSA,29.46,29.49,-0.1
AUR,6.45,6.49,-0.62
TTEK,41.22,40.96,0.63
HTHT,35.17,35.8,-1.76
SRPT,114.65,114.23,0.37
WWD,179.29,176.05,1.84
GTLB,66.37,66.62,-0.38
TLN,209.34,214.2,-2.27
CFLT,32.23,31.52,2.25
SEIC,81.57,80.82,0.93
LBRDK,85.7,86.92,-1.4
MEDP,337.82,337.75,0.02
CHDN,141.83,141.87,-0.03
EXEL,36.38,35.61,2.16
LKQ,39.76,38.5,3.27
FOX,43.71,44.37,-1.49
WYNN,93.45,91.29,2.37
VNOM,54.2,56.55,-4.16
EXAS,55.14,52.91,4.21
FOXA,46.08,46.85,-1.64
TEM,63.89,58.6,9.03
PNFP,129.87,126.18,2.92
DSGX,117.25,116.08,1.01
DOX,87.3,85.67,1.9
MKTX,263.8,260.35,1.33
ROKU,68.22,69.2,-1.42
WING,337.16,337.6,-0.13
AAL,14.92,14.38,3.76
MTSI,135.37,134.5,0.65
ENPH,71.91,66.29,8.48
RVMD,57.5,56.75,1.32
HSIC,76.84,75.08,2.34
CBSH,74.36,73.7,0.9
RGLD,144.88,148.99,-2.76
MASI,177.7,172.96,2.74
DRS,35.45,36.25,-2.21
WTFC,138.29,137.08,0.88
VFS,3.93,3.93,0.0
APPF,251.06,242.39,3.58
ZION,61.73,60.58,1.9
ROIV,12.46,12.53,-0.56
HQY,103.76,104.25,-0.47
SIRI,26.7,26.22,1.83
ITCI,84.99,85.69,-0.82
ALTR,105.87,105.2,0.64
HAS,64.35,62.52,2.93
BRKR,58.9,57.07,3.21
FSV,197.05,192.48,2.37
DBX,28.52,27.99,1.89
LNW,98.45,96.42,2.11
GLBE,52.02,49.89,4.27
FYBR,34.88,34.87,0.03
AGNC,9.75,9.74,0.1
XP,16.04,15.88,1.01
VERX,54.88,53.83,1.95
MARA,26.42,26.03,1.5
UFPI,139.02,133.07,4.47
APA,22.67,22.77,-0.44
ENSG,145.2,146.36,-0.79
CHRD,130.44,134.43,-2.97
CZR,39.42,37.6,4.84
RGEN,146.06,142.58,2.44
MTCH,32.57,31.525,3.31
PEGA,95.33,91.52,4.16
OTEX,30.28,29.45,2.82
OLED,169.34,168.41,0.55
CCCS,12.74,12.47,2.17
ASND,130.85,129.81,0.8
LSCC,57.48,54.21,6.03
MIDD,146.97,142.16,3.38
MKSI,116.49,114.7,1.56
WBA,9.06,8.66,4.62
LEGN,42.69,40.94,4.27
CRDO,47.07,45.84,2.68
CIGI,154.17,145.73,5.79
STEP,66.69,67.05,-0.54
CVLT,175.6,174.6,0.57
BOKF,119.67,117.53,1.82
BILI,18.39,18.23,0.88
OS,32.5,31.47,3.27
MDGL,345.18,347.45,-0.65
EXLS,46.77,46.21,1.21
JAZZ,124.34,126.67,-1.84
FRPT,154.68,156.76,-1.33
LYFT,17.89,16.79,6.55
ONB,22.94,21.65,5.96
SPSC,193.39,189.13,2.25
CSWI,432.01,426.66,1.25
BPOP,101.8,98.96,2.87
UPST,79.52,74.06,7.37
FRHC,118.1,117.47,0.54
WSC,38.715,36.3,6.65
QXO,17.46,17.04,2.46
CGNX,41.53,40.67,2.11
CWST,112.91,112.56,0.31
GNTX,31.08,30.4,2.24
BECN,113.77,112.18,1.42
ASTS,24.21,24.1,0.46
CELH,29.75,29.31,1.5
PARA,11.12,10.88,2.21
HCP,33.92,33.92,0.0
NUVL,95.62,94.93,0.73
COLB,32.01,31.64,1.17
DJT,30.75,30.77,-0.06
SATS,24.41,22.9,6.59
AMKR,26.89,26.54,1.32
GGAL,55.51,55.48,0.05
QRVO,69.71,69.25,0.66
LSTR,185.16,180.83,2.39
LCID,2.17,2.1,3.33
COOP,100.66,99.42,1.25
MAT,19.07,18.69,2.03
CROX,108.53,106.08,2.31
LNTH,90.96,90.52,0.49
CRVL,366.02,370.44,-1.19
ETSY,55.68,52.3,6.46
LFUS,251.39,243.82,3.1
NOVT,173.43,169.79,2.14
UMBF,127.6,125.0,2.08
CORT,59.03,57.54,2.59
OLLI,100.58,94.61,6.31
FFIN,43.05,42.77,0.65
WFRD,84.38,85.83,-1.69
ACIW,58.31,58.64,-0.56
MMSI,104.92,105.33,-0.39
NWS,32.12,32.06,0.19
HALO,47.79,49.0,-2.47
RMBS,56.89,55.96,1.66
SAIC,122.22,124.2,-1.59
RDNT,81.47,82.04,-0.69
STRL,196.33,196.51,-0.09
VLY,10.78,10.56,2.08
SIGI,98.65,97.82,0.85
LITE,87.2,89.09,-2.12
BPMC,93.87,94.15,-0.3
BCPC,182.69,182.44,0.14
CYTK,50.25,49.1,2.34
SLM,27.88,27.13,2.76
CHX,30.92,31.24,-1.02
NXT,40.4,38.85,3.99
CACC,485.11,473.1,2.54
REYN,27.89,27.76,0.47
UBSI,43.29,42.81,1.12
VKTX,51.99,52.59,-1.14
CRUS,108.82,104.82,3.82
OZK,50.55,49.33,2.47
QLYS,156.44,153.37,2.0
BWIN,48.57,47.83,1.55
VIRT,36.8,36.69,0.3
BZ,12.64,12.76,-0.94
ROAD,101.28,99.98,1.3
VRNS,50.11,50.02,0.18
IEP,11.18,11.34,-1.41
KRYS,194.56,190.4,2.18
IESC,279.68,278.01,0.6
PI,193.63,191.04,1.36
AVAV,193.11,195.91,-1.43
TGTX,34.61,35.07,-1.31
WAY,30.96,31.25,-0.93
WRD,18.27,19.865,-8.03
IONS,35.46,34.01,4.26
ACT,35.37,34.76,1.75
RNA,45.13,43.25,4.35
ITRI,118.7,118.93,-0.19
RRR,50.49,50.85,-0.71
TLX,15.15,14.7,3.06
TSEM,47.84,47.83,0.02
NXST,170.61,169.75,0.51
PRCT,97.78,93.6,4.47
SRAD,17.65,17.73,-0.45
QFIN,33.85,34.53,-1.97
HWC,61.04,59.97,1.78
CRNX,56.09,56.06,0.05
LANC,188.64,186.38,1.21
BBIO,27.19,23.42,16.1
TENB,42.74,42.44,0.71
NVMI,176.1,179.76,-2.04
EXPO,100.3,98.04,2.31
ADMA,21.47,21.18,1.37
CORZ,18.11,18.23,-0.66
FELE,110.4,109.06,1.23
FIVE,91.61,86.92,5.4
COLM,88.07,83.48,5.5
SITM,215.27,211.08,1.99
FRSH,16.45,16.54,-0.54
ESGR,325.38,324.71,0.21
ZG,81.38,80.79,0.73
NSIT,154.97,151.11,2.55
IDCC,193.83,190.12,1.95
LOPE,167.88,166.45,0.86
NCNO,42.2,41.42,1.88
ACLX,89.41,90.44,-1.14
FCFS,107.94,104.4,3.39
PECO,39.34,39.33,0.03
AVT,55.2,54.45,1.38
ALKS,29.36,28.78,2.02
NBIS,23.49,23.49,0.0
BGC,9.76,9.6,1.67
AXSM,97.5,98.68,-1.2
EEFT,106.61,105.51,1.04
IBOC,75.11,73.4,2.33
GSHD,125.83,126.34,-0.4
FIZZ,49.62,47.87,3.66
INTA,59.92,60.26,-0.56
VCTR,71.07,68.36,3.96
SKYW,114.19,111.9,2.05
LLYVK,72.29,71.91,0.53
TIGO,26.6,26.4,0.76
FTDR,59.54,58.46,1.85
BLKB,87.47,86.98,0.56
IPAR,138.39,134.07,3.22
AEIS,117.35,115.09,1.96
SBRA,18.52,18.41,0.6
GH,35.4,32.65,8.42
PLXS,161.39,162.01,-0.38
CLBT,19.99,19.72,1.37
RARE,47.12,47.24,-0.25
DORM,141.7,139.45,1.61
CVCO,533.17,512.91,3.95
SANM,78.84,79.41,-0.72
GLNG,41.24,36.67,12.46
CRSP,50.4,47.88,5.26
CALM,96.49,95.96,0.55
USLM,148.55,149.73,-0.79
BANF,128.09,126.28,1.43
ALKT,42.22,40.69,3.76
FLNC,23.5,23.02,2.09
IAC,48.56,48.47,0.19
TCBI,89.68,87.73,2.22
ICUI,167.81,168.46,-0.39
ALGM,22.33,21.31,4.79
EBC,19.03,18.83,1.06
TFSL,14.53,14.52,0.07
CCOI,83.02,83.155,-0.16
GBDC,15.38,15.3,0.52
RELY,20.52,21.04,-2.47
SMTC,53.44,50.89,5.01
BRZE,39.12,38.71,1.06
RIOT,12.06,12.31,-2.03
FULT,21.99,21.61,1.76
NWL,9.62,9.12,5.48
SMPL,39.84,39.01,2.13
KTOS,26.41,26.63,-0.83
OPCH,23.4,23.13,1.17
APLS,31.91,30.77,3.7
VRRM,23.99,23.64,1.48
IMVT,26.89,26.87,0.07
BL,62.77,62.7,0.11
RUSHA,62.87,60.0,4.78
PAYO,10.94,10.93,0.09
XRAY,19.52,18.77,4.0
WDFC,286.49,283.95,0.89
CLSK,14.95,15.1,-0.99
AGYS,137.8,137.48,0.23
CATY,53.85,52.81,1.97
MGEE,104.75,104.14,0.59
PAGP,18.87,19.25,-1.97
CARG,35.83,35.62,0.59
RYTM,59.92,59.94,-0.03
POWI,68.05,63.68,6.86
ACVA,22.96,21.97,4.51
CAR,108.81,102.67,5.98
WEN,18.58,17.98,3.34
SHC,13.3,12.82,3.74
URBN,40.46,38.98,3.8
ZI,10.865,10.63,2.21
ACHC,39.99,38.23,4.6
DOOO,50.84,48.51,4.8
FIBK,35.47,34.39,3.14
OMAB,66.11,65.32,1.21
ARLP,28.575,28.49,0.3
PTON,9.58,9.54,0.42
GDS,18.71,18.31,2.18
SLAB,112.06,106.27,5.45
ALVO,12.0,11.99,0.08
FHB,28.16,27.9,0.93
WSFS,61.09,60.48,1.01
FROG,32.03,32.15,-0.37
ATAT,25.92,25.27,2.57
SRRK,37.72,29.92,26.07
DNLI,24.5,24.69,-0.77
PCH,44.72,43.09,3.78
IBRX,5.04,5.1,-1.18
NWE,57.05,56.75,0.53
ASO,49.44,46.64,6.0
MLTX,54.17,54.32,-0.28
FA,19.89,19.1,4.14
OTTR,81.94,80.78,1.44
AVPT,18.22,18.57,-1.88
IRDM,29.99,29.4,2.01
IPGP,78.92,77.79,1.45
JJSF,174.0,171.16,1.66
POWL,280.6,289.88,-3.2
PTEN,8.62,8.68,-0.69
CVBF,24.0,23.83,0.71
STNE,10.9,10.26,6.24
SNEX,104.56,102.45,2.06
NEOG,15.31,14.98,2.2
PTCT,42.99,43.23,-0.56
BTSG,19.03,18.75,1.49
AGIO,57.51,55.68,3.29
SHOO,45.41,43.4,4.63
SYNA,81.65,76.5,6.73
PYCR,18.18,17.48,4.0
HUBG,53.2,51.01,4.29
CAMT,71.67,74.94,-4.36
VRNA,39.68,38.81,2.24
LIF,43.41,40.95,6.01
DLO,11.35,10.95,3.65
PENN,21.17,20.52,3.17
PLTK,8.62,8.53,1.06
ALRM,64.86,62.32,4.08
FORM,41.24,41.33,-0.22
INDB,74.97,73.98,1.34
VCYT,41.1,39.59,3.81
XENE,41.68,41.15,1.29
NMIH,40.0,38.73,3.28
MEOH,46.91,46.02,1.93
SNRE,45.89,46.16,-0.58
PATK,140.485,134.85,4.18
BHF,52.82,51.74,2.09
SFNC,24.86,24.83,0.12
MRUS,45.39,45.49,-0.22
FIVN,40.97,40.32,1.61
DIOD,66.3,61.305,8.15
WAFD,37.7,37.15,1.48
ZLAB,28.09,26.43,6.28
KYMR,47.02,44.98,4.54
HCM,17.41,17.36,0.29
EWTX,31.98,32.2,-0.68
PRGS,69.89,69.25,0.92
DYN,29.45,29.69,-0.81
VERA,47.27,48.31,-2.15
IOSP,119.95,119.75,0.17
MGRC,121.49,120.9,0.49
AMED,90.97,90.64,0.36
SGRY,23.39,23.01,1.65
LAUR,19.71,19.52,0.97
SOUN,8.03,8.25,-2.67
HTLF,68.95,67.53,2.1
SWTX,39.39,39.02,0.95
LFST,7.6,7.4,2.7
FOLD,9.72,9.66,0.62
CNXC,44.77,43.72,2.4
FFBC,30.34,29.86,1.61
NARI,49.48,49.66,-0.36
VCEL,58.62,59.11,-0.83
TBBK,60.36,57.42,5.12
CSQ,18.01,18.01,0.0
GT,10.13,9.71,4.33
PLMR,109.03,108.32,0.66
FLYW,22.95,22.92,0.13
LOT,4.2,4.27,-1.64
APPN,38.35,38.56,-0.54
OSIS,168.99,164.91,2.47
LIVN,51.75,51.32,0.84
PPBI,29.11,28.73,1.32
PSMT,90.92,89.96,1.07
WULF,6.99,7.45,-6.17
HWKN,135.47,130.03,4.18
IOVA,9.27,8.55,8.42
DRVN,17.04,16.69,2.1
IBTX,67.31,65.49,2.78
TOWN,37.09,36.13,2.66
AMBA,67.29,63.62,5.77
QDEL,41.16,40.14,2.54
TWST,46.4,42.23,9.87
ACAD,16.54,16.37,1.04
ODD,48.05,45.56,5.47
RPD,42.74,42.86,-0.28
PRVA,22.45,21.56,4.13
KLIC,49.95,49.17,1.59
PTGX,45.53,46.46,-2.0
NMRK,15.52,15.28,1.57
VC,95.86,92.01,4.18
ARCB,112.58,109.91,2.43
SBCF,30.9,30.57,1.08
FRME,44.97,44.05,2.09
TMDX,78.58,76.04,3.34
BANR,76.26,75.47,1.05
LGIH,111.22,105.82,5.1
SEZL,464.0,463.98,0.0
AMRX,8.38,8.39,-0.12
RUN,11.52,10.51,9.61
IRTC,82.32,73.99,11.26
TFIN,110.16,105.06,4.85
MYRG,159.67,151.05,5.71
AY,22.14,22.13,0.05
APGE,43.85,43.46,0.9
JANX,48.82,50.31,-2.96
VICR,56.66,55.3,2.46
MLCO,6.07,5.95,2.02
ICFI,135.52,134.29,0.92
PSNY,1.2,1.14,5.26
CPRX,21.19,21.48,-1.35
ACLS,77.47,75.07,3.2
CAKE,48.77,46.56,4.75
WERN,40.25,39.93,0.8
INTR,5.65,5.61,0.71
ZD,58.01,58.24,-0.39
GERN,4.1,4.07,0.74
SLNO,57.22,57.78,-0.97
TTMI,23.99,24.0,-0.04
STRA,99.52,99.4,0.12
TRMK,39.97,39.28,1.76
MRCY,40.94,40.94,0.0
NFE,9.71,9.75,-0.41
PTVE,13.58,13.2,2.88
WSBC,36.17,36.45,-0.77
UFPT,314.41,311.27,1.01
LMAT,107.09,107.97,-0.82
NBTB,50.99,50.45,1.07
LBTYK,13.97,13.7,1.97
ASTH,42.4,42.11,0.69
AVDX,11.59,11.17,3.76
ALHC,12.39,12.05,2.82
VSEC,116.09,116.98,-0.76
HUT,25.24,25.92,-2.62
LBTYA,13.54,13.32,1.65
LBPH,59.91,59.8,0.18
ARWR,18.79,18.54,1.35
GCMG,12.35,12.33,0.16
MGNI,16.6,17.13,-3.09
RXRX,6.0,5.7,5.26
PWP,25.84,25.64,0.78
VEON,32.896,31.35,4.93
BLTE,75.34,80.23,-6.09
CGON,33.95,33.47,1.43
IDYA,26.54,26.79,-0.93
KROS,56.58,55.92,1.18
RNW,6.13,5.89,4.07
LGND,120.62,119.19,1.2
EFSC,61.38,60.74,1.05
SYBT,77.42,76.11,1.72
WVE,14.89,14.27,4.34
HLMN,11.54,11.28,2.3
TRUP,53.46,53.6,-0.26
VIAV,10.18,10.1,0.79
CNTA,17.1,17.04,0.35
CIFR,6.45,6.78,-4.87
WB,9.21,8.92,3.25
ROCK,73.79,71.03,3.89
PLUS,83.21,82.47,0.9
ADUS,122.95,124.32,-1.1
EVCM,12.15,11.87,2.36
HURN,125.6,123.92,1.36
PINC,23.16,22.84,1.4
HEES,60.79,58.76,3.45
ROIC,17.4,17.37,0.17
AKRO,31.77,32.73,-2.93
GOGL,11.08,11.14,-0.54
GRFS,8.6,8.7,-1.15
WGS,80.46,78.71,2.22
EXPI,14.385,14.05,2.38
CRTO,40.02,39.955,0.16
SBLK,18.65,18.63,0.11
AMPH,44.64,45.46,-1.8
MIRM,44.27,44.73,-1.03
SKWD,52.67,53.56,-1.66
APLD,10.68,9.85,8.43
PCT,12.92,11.93,8.3
UPWK,16.7,16.02,4.24
BEAM,26.65,25.05,6.39
EXTR,16.49,16.03,2.87
NEO,16.93,16.39,3.29
CENX,23.24,22.485,3.36
OMCL,45.96,45.69,0.59
JBLU,6.12,6.09,0.49
CMPR,83.49,81.33,2.66
PSEC,4.81,4.83,-0.41
CASH,84.29,82.9,1.68
STGW,7.92,7.82,1.28
NN,16.14,15.87,1.7
AZTA,45.58,45.16,0.93
RUM,7.31,6.49,12.63
COCO,36.34,36.12,0.61
LUNR,14.68,15.12,-2.91
TRMD,21.245,21.89,-2.95
LION,7.1,7.09,0.14
BATRK,40.25,40.19,0.15
MRX,28.95,29.04,-0.31
FBNC,49.2,48.12,2.24
NVCR,18.78,17.73,5.92
GO,20.88,19.54,6.86
MQ,4.02,4.05,-0.74
OSW,19.37,19.39,-0.1
PLUG,2.2,1.92,14.58
TNDM,30.42,30.81,-1.27
IQ,2.08,1.95,6.67
EVGO,6.58,6.36,3.46
SUPN,36.1,36.22,-0.33
YY,34.75,33.91,2.48
TRIP,14.21,13.87,2.45
HRMY,34.71,34.07,1.88
IREN,10.41,10.78,-3.43
CHCO,133.96,131.79,1.65
CLBK,18.72,18.65,0.38
GPCR,34.01,33.41,1.8
NAMS,21.05,20.2,4.21
ENLT,16.4,16.1403,1.61
FWONA,80.74,77.45,4.25
LKFN,75.85,75.38,0.62
CNXN,73.51,72.74,1.06
IRON,64.5,64.96,-0.71
NEXT,7.37,7.48,-1.47
HPK,15.14,15.54,-2.57
UPBD,35.01,33.8,3.58
NWBI,15.03,14.93,0.67
JAMF,14.88,14.47,2.83
PAX,12.58,12.48,0.8
PDCO,21.62,20.46,5.67
CLMT,22.16,21.8,1.65
MBIN,41.42,41.09,0.8
DNUT,11.13,11.15,-0.18
SPT,32.89,32.1,2.46
SIMO,55.81,54.93,1.6
FTRE,20.89,19.73,5.88
IART,24.24,23.58,2.8
RXST,46.38,44.83,3.46
CLDX,28.14,27.02,4.15
GDRX,4.89,4.9,-0.2
APOG,84.87,83.22,1.98
SJW,55.82,55.76,0.11
MNKD,6.72,6.84,-1.75
TXG,15.3,14.31,6.92
TARS,48.32,48.24,0.17
DSGR,39.1,38.08,2.68
XNCR,26.06,25.01,4.2
LLYVA,71.27,70.46,1.15
PRDO,27.72,27.33,1.43
CENTA,33.22,33.18,0.12
IAS,11.11,11.08,0.27
OXLC,5.22,5.22,0.0
GLPG,27.31,27.13,0.66
ENVX,9.53,9.43,1.06
GTX,8.38,8.31,0.84
CERT,11.05,10.36,6.66
CHEF,44.95,44.74,0.47
HTIA,15.7,15.685,0.1
OPRA,20.06,20.19,-0.64
MLKN,25.53,24.53,4.08
ATRC,36.01,35.735,0.77
CLOV,3.49,3.37,3.56
SASR,38.71,37.85,2.27
UCTT,38.45,37.3,3.08
ARVN,25.15,25.86,-2.75
AAOI,37.91,37.99,-0.21
SONO,14.0,13.49,3.78
VBTX,31.26,30.07,3.96
HOPE,14.02,13.82,1.45
STBA,44.12,43.44,1.57
KC,6.95,7.21,-3.61
ANDE,49.1,48.21,1.85
NAVI,15.57,15.37,1.3
DVAX,12.49,12.42,0.56
ROOT,108.44,109.23,-0.72
PZZA,50.01,49.92,0.18
SRCE,66.19,66.29,-0.15
EVO,4.89,4.49,8.91
BTDR,12.33,11.54,6.85
VRDN,21.03,20.2,4.11
IMCR,32.79,32.28,1.58
HELE,71.67,69.92,2.5
TCBK,49.62,48.95,1.37
SYRE,27.81,27.7,0.4
OPEN,2.28,1.99,14.57
SDGR,22.3,20.84,7.01
XMTR,32.71,31.4,4.17
PLAB,25.43,24.89,2.17
CSGS,55.215,55.51,-0.53
DMLP,33.6,33.74,-0.41
VECO,27.97,27.4,2.08
SGML,14.25,13.95,2.15
MCRI,85.85,84.42,1.69
MTTR,4.88,4.85,0.62
GDYN,18.9,18.26,3.5
KNSA,21.8,21.28,2.44
NTCT,21.94,21.81,0.6
QCRH,93.24,92.665,0.62
INFN,6.62,6.64,-0.3
BUSE,27.55,27.31,0.88
DCOM,36.36,36.32,0.11
AMWD,100.86,97.24,3.72
NMRA,9.67,9.74,-0.72
TVTX,18.18,18.25,-0.38
WABC,58.23,57.6,1.09
TILE,26.6,25.46,4.48
LBRDA,85.02,86.29,-1.47
WBTN,12.08,11.85,1.94
NRIX,21.82,22.05,-1.04
ALGT,84.01,79.09,6.22
VRNT,24.82,24.43,1.6
SPNS,27.49,27.73,-0.87
KRNT,31.96,31.34,1.98
RBCAA,77.83,77.62,0.27
BCRX,7.27,7.6,-4.34
NTLA,14.79,14.3,3.43
ARHS,10.67,9.75,9.44
DCBO,49.6,49.03,1.16
HROW,42.06,42.9,-1.96
NVAX,9.32,8.47,10.04
INMD,19.52,19.02,2.63
WINA,422.31,403.27,4.72
AFYA,16.86,16.74,0.72
UNIT,6.03,6.11,-1.31
NSSC,40.06,39.22,2.14
SABR,3.76,3.73,0.8
HLIT,12.39,12.47,-0.64
ATSG,21.95,21.96,-0.05
NVEE,22.11,21.5,2.84
IMKTA,75.3,72.18,4.32
MYGN,15.71,15.49,1.42
OCUL,9.09,8.83,2.94
SNDX,16.73,16.09,3.98
PLAY,36.3,34.05,6.61
VITL,32.27,30.44,6.01
STAA,28.55,26.68,7.01
OLPX,2.11,2.08,1.44
PRAX,74.68,74.5,0.24
FOXF,33.39,32.43,2.96
WLFC,210.49,207.26,1.56
MRTN,17.05,16.91,0.83
BLBD,42.83,41.18,4.01
CMPO,15.7,16.04,-2.12
INDV,10.89,10.88,0.09
BCYC,19.95,20.54,-2.87
LZ,7.91,7.83,1.02
AMSC,34.61,34.22,1.14
ATEC,9.62,10.06,-4.37
AHCO,10.12,9.855,2.69
GIII,30.95,30.11,2.79
THRM,43.77,43.38,0.9
GABC,45.66,45.96,-0.65
ULH,51.46,50.41,2.08
DAWN,13.42,13.72,-2.19
TASK,15.12,14.82,2.02
KALU,83.78,81.65,2.61
PGNY,15.75,15.44,2.01
MXL,15.87,15.54,2.12
ADEA,12.25,12.05,1.66
MRVI,5.29,5.22,1.34
MDXG,9.09,9.2,-1.2
AMPL,10.81,10.735,0.7
SPRY,13.71,14.0,-2.07
WOOF,4.23,4.17,1.44
OCSL,16.02,15.85,1.07
CRAI,194.25,193.84,0.21
MFIC,14.04,13.99,0.36
INOD,45.39,44.77,1.38
PFBC,96.73,95.67,1.11
RCKT,14.1,14.11,-0.07
PEBO,36.02,35.83,0.53
KARO,41.2,41.35,-0.36
NMFC,11.8,11.76,0.34
FORTY,82.73,82.73,0.0
QNST,22.54,22.91,-1.62
AUPH,8.71,8.86,-1.69
SAVA,4.295,26.48,-83.78
HTZ,4.58,4.07,12.53
ULCC,5.75,5.6,2.68
CDNA,24.11,23.13,4.24
XPEL,46.52,45.73,1.73
TLRY,1.42,1.34,5.97
PHVS,23.69,22.29,6.28
ESTA,45.55,43.08,5.73
SAFT,85.89,84.86,1.21
KRUS,106.28,103.69,2.5
QQQX,25.99,25.88,0.43
MESO,11.03,10.11,9.1
COHU,27.07,26.65,1.58
ARQT,10.77,10.14,6.21
ACDC,7.87,7.75,1.55
VSAT,9.71,9.41,3.19
OCFC,21.27,20.88,1.87
ARDX,5.25,5.31,-1.13
BLFS,26.77,26.01,2.92
SCSC,51.77,51.1,1.31
ANIP,58.64,56.91,3.04
DGII,33.64,32.95,2.09
ELVN,24.88,24.54,1.39
PDFS,31.3,31.11,0.61
MSEX,67.88,66.5,2.08
PLYA,9.9,9.72,1.85
BLMN,14.16,12.95,9.34
INVA,19.19,19.15,0.21
SBGI,18.05,17.29,4.4
RDFN,9.63,9.16,5.13
UDMY,8.1,7.68,5.47
IGIC,25.88,25.98,-0.38
AOSL,40.36,38.63,4.48
TBLA,3.47,3.53,-1.7
SSRM,5.76,5.91,-2.54
ECPG,49.01,49.14,-0.26
DSP,18.46,18.72,-1.39
LILAK,7.42,7.04,5.4
ICHR,34.37,33.35,3.06
ASTL,11.07,11.26,-1.69
LMB,102.49,102.64,-0.15
ACMR,18.44,18.79,-1.86
ADV,3.6,3.6,0.0
CECO,32.99,31.36,5.2
CBRL,51.95,48.41,7.31
CMCO,39.99,38.53,3.79
DXPE,72.9,71.33,2.2
MOMO,6.47,6.36,1.73
XRX,9.16,9.04,1.33
BRKL,12.73,12.6,1.03
FWRG,18.66,18.24,2.3
BBSI,43.42,42.76,1.54
AMAL,36.7,36.51,0.52
CRCT,5.24,5.1,2.75
AMSF,58.6,58.69,-0.15
VMEO,6.73,6.78,-0.74
APLT,9.59,9.625,-0.36
CSWC,23.23,23.29,-0.26
PLSE,17.985,17.68,1.73
OPK,1.62,1.58,2.53
AVAH,5.72,5.84,-2.05
CCEC,18.8,18.27,2.9
CNOB,28.66,27.83,2.98
COMM,5.09,4.68,8.76
TRS,26.99,26.95,0.15
INDI,5.4,4.98,8.43
GYRE,11.63,11.29,3.01
DAVE,85.22,86.26,-1.21
CTBI,60.07,59.68,0.65
AVDL,11.22,11.66,-3.77
REAX,5.49,5.34,2.81
BFC,107.04,106.79,0.23
ARRY,7.02,6.63,5.88
BASE,20.64,20.93,-1.39
GOGO,8.41,8.12,3.57
CCB,77.985,76.69,1.69
SDA,10.19,10.43,-2.3
FSUN,38.1,37.91,0.5
ETNB,8.96,8.76,2.28
NYAX,29.26,28.69,1.99
PNTG,30.56,31.14,-1.86
BHRB,70.11,69.39,1.04
NRDS,14.24,13.75,3.56
GCT,25.49,25.5,-0.04
HDL,16.03,16.29,-1.6
TIGR,5.63,5.55,1.44
TRNS,112.22,109.02,2.94
FWRD,35.44,35.88,-1.23
VIR,7.44,7.12,4.49
PFC,28.52,28.85,-1.14
FMBH,42.72,42.29,1.02
MGPI,46.46,45.5,2.11
COGT,9.19,9.13,0.66
BCAX,18.25,18.09,0.88
ANGI,1.98,1.97,0.51
ZYME,14.2,14.29,-0.63
FBYD,9.09,9.3,-2.26
VNET,3.69,3.75,-1.6
UXIN,5.08,6.31,-19.49
REPL,13.26,14.93,-11.19
NNE,25.91,33.6,-22.89
CBLL,28.94,26.31,10.0
SEPN,23.25,22.0,5.68
FIP,8.92,8.47,5.31
UPB,18.69,18.19,2.75
JBSS,85.75,84.09,1.97
COLL,30.79,29.96,2.77
HSTM,32.53,32.19,1.06
LENZ,35.88,35.5,1.07
HTLD,12.52,12.37,1.21
BMBL,9.08,8.18,11.0
PAHC,24.14,23.74,1.68
AIOT,7.36,7.11,3.52
TTGT,33.19,32.44,2.31
EH,15.25,14.06,8.46
MATW,31.54,30.84,2.27
PENG,18.08,17.65,2.44
EYE,12.22,11.66,4.8
RDWR,22.88,23.17,-1.25
HSII,47.0,46.57,0.92
RUSHB,57.39,55.59,3.24
LQDA,11.25,10.65,5.63
SCVL,34.94,33.9,3.07
CHY,12.33,12.32,0.08
HIMX,5.38,5.25,2.48
BVS,11.5,11.71,-1.79
GDEN,34.0,33.88,0.35
UVSP,32.04,31.55,1.55
BITF,2.05,2.11,-2.84
AVBP,27.5,27.45,0.18
HEPS,2.87,2.81,2.14
AVO,12.97,13.09,-0.92
HFWA,26.78,26.5,1.06
CFFN,6.88,6.89,-0.15
PARAA,22.4,22.67,-1.19
CHI,12.08,12.11,-0.25
SLRC,16.64,16.49,0.91
EGBN,30.0,29.41,2.01
IMTX,7.59,7.59,0.0
ERII,15.6,15.8,-1.27
JACK,47.95,47.5,0.95
STKL,7.72,7.82,-1.28
MCBS,35.27,35.25,0.06
MBUU,45.22,43.15,4.8
ASTE,38.89,38.25,1.67
CFB,17.95,17.96,-0.06
FUFU,5.4,5.36,0.75
HCSG,11.93,11.68,2.14
NBBK,20.45,20.61,-0.78
ABCL,2.95,2.76,6.88
CGBD,17.0,16.85,0.89
HNST,8.57,8.15,5.15
CSIQ,13.07,11.91,9.74
IPX,28.78,28.89,-0.38
CTKB,6.69,6.55,2.14
HCKT,31.2,30.96,0.78
FCBC,46.93,46.82,0.23
CAPR,18.82,18.62,1.07
BFST,28.95,28.38,2.01
PRAA,21.69,21.72,-0.14
KURA,10.96,10.8,1.48
BJRI,37.21,35.34,5.29
OSBC,18.9,18.71,1.02
MNRO,28.27,27.04,4.55
SHLS,5.07,4.83,4.97
BELFB,80.75,79.41,1.69
ATLC,57.01,55.16,3.35
GLDD,12.48,12.33,1.22
TRIN,14.25,14.34,-0.63
PTLO,11.3,10.845,4.2
ARKO,7.23,7.01,3.14
TH,8.42,8.71,-3.33
EMBC,14.41,13.82,4.27
CSTL,29.51,29.81,-1.01
NBN,100.49,101.4,-0.9
MBWM,51.14,50.39,1.49
GSM,4.39,4.57,-3.94
PLRX,13.46,12.98,3.7
TYRA,16.18,15.83,2.21
RAPP,22.33,23.09,-3.29
IIIV,24.02,23.67,1.48
CRON,2.13,2.08,2.4
RLAY,4.86,4.75,2.32
TIPT,21.95,21.98,-0.14
NESR,8.52,8.8,-3.18
IBCP,38.87,38.5,0.96
HBNC,18.57,18.525,0.24
PRTA,15.08,14.6,3.29
ODP,26.94,27.26,-1.17
HAFC,26.84,26.55,1.09
DJCO,587.01,577.48,1.65
PCRX,17.42,17.55,-0.74
SWIM,6.94,6.89,0.73
EOLS,12.67,12.6,0.56
AUTL,2.98,2.94,1.36
PUBM,15.87,16.18,-1.92
CDMO,12.3,12.3,0.0
LQDT,25.51,25.4,0.43
ORRF,40.1,40.49,-0.96
TCPC,9.05,9.05,0.0
XCH,12.21,13.3,-8.2
QUBT,7.7,6.1,26.23
ADPT,5.58,4.69,18.98
CRSR,7.635,7.38,3.46
SEDG,13.77,11.88,15.91
HBT,24.76,24.3,1.89
ERAS,2.76,2.7,2.22
AVXL,9.13,9.11,0.22
HAIN,8.58,8.24,4.13
LPRO,6.48,6.47,0.15
PGY,10.5,9.57,9.72
UFCS,30.47,29.89,1.94
RPAY,8.2,8.05,1.86
WEST,8.13,7.89,3.04
GOOD,17.38,17.09,1.7
CRGX,16.42,16.23,1.17
SCHL,26.84,25.46,5.42
SMBC,66.8,66.39,0.62
SEAT,3.6,3.52,2.27
GSBC,64.04,64.24,-0.31
MRNO,9.4326,9.53,-1.02
RCAT,9.61,8.97,7.13
SCWX,8.37,8.39,-0.24
SNCY,14.05,13.73,2.33
CRESY,12.25,11.37,7.74
ANAB,24.1,22.27,8.22
SHEN,13.4,13.26,1.06
CGEM,12.54,12.54,0.0
OFIX,19.04,18.91,0.69
GPRE,11.21,11.32,-0.97
IMOS,19.92,19.58,1.74
DMRC,33.71,32.67,3.18
TRST,37.96,37.52,1.17
CEVA,30.27,30.44,-0.56
FDUS,21.06,20.97,0.43
TRDA,19.04,18.8,1.28
FSBC,33.37,33.39,-0.06
CCAP,19.18,19.22,-0.21
TECX,48.04,48.1,-0.12
WRLD,120.77,119.1,1.4
RMR,22.2,22.01,0.86
OSPN,18.56,17.88,3.8
CAC,48.34,47.96,0.79
PLPC,143.56,138.52,3.64
EU,3.77,3.85,-2.08
AMRK,30.23,29.74,1.65
NTGR,24.31,24.3,0.04
LIND,12.82,12.85,-0.23
SSYS,9.76,9.44,3.39
ORIC,9.87,9.59,2.92
DAKT,14.9,14.88,0.13
DNTH,23.45,22.34,4.97
CTLP,9.49,9.27,2.37
MOFG,33.26,33.7,-1.31
DH,4.45,4.37,1.83
DDI,13.9,14.57,-4.6
ADTN,8.68,8.62,0.7
EZPW,12.62,12.6,0.16
ADSE,13.33,13.7,-2.7
BIOA,19.07,19.14,-0.37
EVER,19.33,19.15,0.94
OMER,11.79,10.91,8.07
RBBN,3.86,3.9,-1.03
IRMD,53.39,53.23,0.3
PRTH,8.74,8.02,8.98
VREX,16.39,16.64,-1.5
HTBI,38.27,37.68,1.57
THRY,15.63,14.9,4.9
SBC,6.5,6.54,-0.61
CCBG,39.51,39.12,1.0
HTBK,10.92,10.91,0.09
IMXI,21.29,21.32,-0.14
SLP,32.74,31.32,4.53
NCMI,6.91,6.88,0.44
ACIC,13.57,13.46,0.82
BTBT,4.25,4.44,-4.28
NEXN,9.79,9.97,-1.81
ABUS,3.42,3.51,-2.56
CLNE,2.9,2.78,4.32
MBX,19.39,18.5,4.81
ORKA,18.51,20.75,-10.8
SPFI,39.52,39.46,0.15
SVA,6.47,6.47,0.0
ESQ,77.47,76.5,1.27
KIDS,26.61,26.34,1.03
SPTN,19.09,18.76,1.76
PGC,36.64,36.37,0.74
WASH,37.73,37.41,0.86
MNTK,4.49,4.46,0.67
INNV,4.75,4.89,-2.86
LEGH,26.54,25.78,2.95
CCD,23.89,24.51,-2.53
OPAL,3.69,3.68,0.27
MPB,32.86,32.43,1.33
CLMB,137.35,139.88,-1.81
MLYS,12.7,12.49,1.68
PPTA,9.36,9.88,-5.26
HIFS,285.16,285.48,-0.11
PHAT,9.09,9.34,-2.68
ATEX,32.8,33.72,-2.73
FRPH,32.01,32.48,-1.45
IMNM,11.15,9.82,13.54
LESL,3.51,3.19,10.03
ILLR,4.14,3.8,8.95
TSAT,12.71,12.05,5.48
CAN,2.08,1.97,5.58
EYPT,9.23,8.95,3.13
DHC,2.6,2.41,7.88
ALTI,4.48,4.31,3.94
STOK,11.78,11.43,3.06
CVAC,2.77,2.66,4.14
LYTS,20.75,20.6,0.73
KRT,30.87,30.64,0.75
SWBI,13.77,13.37,2.99
OCS,14.79,14.76,0.2
MLAB,113.62,109.09,4.15
CNDT,3.85,3.74,2.94
TREE,45.96,43.99,4.48
FNKO,11.3,10.61,6.5
RXT,2.68,2.58,3.88
ALT,8.57,8.68,-1.27
GLAD,27.29,26.71,2.17
TRML,23.75,23.01,3.22
ECX,1.8,1.61,11.8
CASS,44.825,44.96,-0.3
EOSE,2.79,2.7,3.33
WLDN,43.01,42.66,0.82
HSAI,4.75,4.74,0.21
CRMD,9.95,9.96,-0.1
LAB,1.62,1.6,1.25
BAND,21.84,20.67,5.66
LOVE,38.47,34.71,10.83
RSVR,9.15,9.43,-2.97
CCNE,28.38,28.13,0.89
NFBK,13.87,13.78,0.65
GRAL,17.68,16.505,7.12
THFF,50.24,49.83,0.82
AXGN,13.47,13.34,0.97
FMNB,15.75,15.78,-0.19
PFIS,58.76,56.49,4.02
CRML,6.47,6.2,4.35
MSBI,27.41,27.39,0.07
LVRO,5.01,5.09,-1.57
SVRA,3.41,3.36,1.49
CHSCO,27.058,26.94,0.44
ITRN,29.14,28.98,0.55
TALK,3.43,3.45,-0.58
BCAL,17.95,17.76,1.07
RDUS,20.56,20.21,1.73
HONE,13.08,13.19,-0.83
SFIX,4.53,4.33,4.62
DOGZ,45.12,47.97,-5.94
CRVS,8.93,8.95,-0.22
ABL,7.67,7.55,1.59
CGNT,7.95,7.82,1.66
CDXC,7.46,7.44,0.27
SRDX,39.56,39.33,0.58
AGNCP,24.55,24.55,0.0
ATXS,10.0,9.65,3.63
BIGC,7.19,6.83,5.27
MGIC,11.46,10.99,4.28
ALRS,22.14,22.11,0.14
FLGT,18.33,17.87,2.57
THRD,12.44,12.47,-0.24
LX,3.4,3.39,0.29
IGMS,9.4,8.89,5.74
AROW,33.35,33.45,-0.3
MNMD,7.61,7.56,0.66
NYMT,6.14,5.98,2.68
BTSGU,69.43,68.51,1.34
NWPX,55.89,56.29,-0.71
SHBI,16.63,16.55,0.48
SANA,2.48,2.61,-4.98
CNSL,4.63,4.63,0.0
ASPI,7.65,8.34,-8.27
METC,12.44,12.56,-0.96
ANNX,5.1,5.14,-0.78
HNRG,12.74,13.34,-4.5
VINP,10.26,10.27,-0.1
GHIXU,10.31,10.58,-2.55
LASR,11.16,11.39,-2.02
ITIC,286.31,282.9,1.21
CHSCL,26.05,26.11,-0.23
SNDL,2.02,1.98,2.02
IRWD,3.35,3.44,-2.62
ORGO,4.04,4.05,-0.25
GCBC,31.44,31.59,-0.47
RDVT,38.78,38.11,1.76
ABVX,8.5,8.78,-3.19
TBLD,16.635,16.53,0.64
SIBN,12.65,12.56,0.72
KRNY,8.21,8.27,-0.73
FFIC,18.2,18.09,0.61
PRTC,22.07,22.55,-2.13
GLRE,15.08,15.07,0.07
HUMA,4.28,4.49,-4.68
MREO,3.38,3.72,-9.14
GLUE,8.46,8.49,-0.35
INV,10.25,11.13,-7.91
TWFG,33.35,35.59,-6.29
TSHA,2.89,2.47,17.0
REAL,5.33,4.74,12.45
CGC,4.15,3.9,6.41
PROK,1.83,1.69,8.28
EVLV,3.36,3.09,8.74
QRTEP,41.555,40.0,3.89
FLWS,8.25,7.84,5.23
URGN,12.48,11.91,4.79
ATRO,17.61,17.22,2.26
SIGA,7.31,6.48,12.81
NVTS,2.78,2.42,14.88
PHAR,7.65,7.53,1.59
YORW,36.07,36.18,-0.3
HCAT,8.52,8.13,4.8
TMCI,8.29,7.83,5.87
CELC,13.9,13.19,5.38
LINC,16.35,16.15,1.24
ALMS,9.42,9.46,-0.42
OLMA,8.91,8.78,1.48
FARO,26.91,27.0,-0.33
OFLX,50.23,50.46,-0.46
PACB,1.85,1.8,2.78
ZVRA,9.49,9.585,-0.99
ESPR,2.57,2.52,1.98
LE,16.21,15.33,5.74
NNDM,2.28,2.11,8.06
CHSCM,25.35,25.21,0.56
OABI,4.15,3.92,5.87
HIVE,3.93,4.09,-3.91
IVCBU,11.55,11.55,0.0
CVGW,27.93,27.17,2.8
TCBX,36.21,36.12,0.25
SHYF,14.35,13.78,4.14
MGTX,6.33,5.93,6.75
KALV,10.07,10.15,-0.79
LMNR,27.33,27.49,-0.58
CCSI,25.51,24.49,4.16
CENT,38.81,38.7,0.28
KE,19.93,19.7,1.17
TERN,5.79,5.79,0.0
VALU,52.15,51.83,0.62
GAIN,13.31,13.37,-0.45
KRRO,52.0,52.31,-0.59
OPT,3.165,3.1599,0.16
SVC,2.92,2.77,5.42
NRIM,88.08,88.5,-0.47
GAMB,12.98,13.04,-0.46
VLGEA,32.41,32.38,0.09
FTEL,23.85,25.23,-5.47
KELYA,14.85,14.4,3.13
ZEUS,43.02,42.41,1.44
RICK,53.21,51.68,2.96
ALLO,2.28,2.21,3.17
QTRX,12.42,11.75,5.7
ARCT,17.58,16.91,3.96
RGNX,9.58,9.59,-0.1
SLRN,4.73,4.7,0.64
GHRS,9.11,9.27,-1.73
CBNK,28.58,28.56,0.07
YMAB,10.56,10.41,1.44
ZBIO,11.29,12.0,-5.92
BWMN,26.67,26.69,-0.07
UNTY,46.67,46.61,0.13
TBPH,9.47,9.47,0.0
PKOH,33.13,33.04,0.27
EBTC,37.42,36.87,1.49
DGICA,16.29,15.98,1.94
DHIL,169.4,170.56,-0.68
FITBI,25.62,25.54,0.31
NRC,19.64,19.12,2.72
GRVY,66.29,66.64,-0.53
RIGL,26.09,26.04,0.19
XERS,3.08,3.09,-0.32
BSRR,32.38,32.39,-0.03
BPYPM,17.255,17.4799,-1.29
VBNK,17.59,17.12,2.75
RNAC,17.91,18.87,-5.09
BYRN,19.99,21.31,-6.19
FMAO,33.2,32.99,0.64
ANSC,10.43,10.43,0.0
BHFAN,19.47,19.44,0.15
CHW,7.01,7.02,-0.14
BSVN,47.89,47.77,0.25
ZUMZ,23.35,22.82,2.32
ACTG,4.58,4.56,0.44
SMLR,61.23,63.65,-3.8
AURA,8.88,8.95,-0.78
MITK,9.59,9.34,2.68
DCGO,4.33,4.25,1.88
FHTX,7.9,7.84,0.77
OTLY,0.7369,0.7282,1.19
CLFD,30.6,30.27,1.09
LAND,12.08,12.05,0.25
FISI,28.21,27.9,1.11
GDEV,24.07,24.02,0.21
RBB,24.63,24.38,1.03
BATRA,42.07,41.97,0.24
MTLS,7.29,7.36,-0.95
CWCO,26.85,27.44,-2.15
GTI,2.72,2.96,-8.11
TCMD,18.92,17.85,5.99
VERV,5.29,4.85,9.07
AIRJ,8.0,7.56,5.82
AQST,4.81,4.56,5.48
CARE,18.95,18.65,1.61
PRME,3.33,3.2,4.06
API,4.76,4.49,6.01
MERC,6.42,6.4,0.31
NECB,30.61,30.12,1.63
PRCH,3.59,3.45,4.06
BLDP,1.43,1.31,9.16
CHSCN,25.47,25.59,-0.47
FBIZ,51.465,50.48,1.95
ALNT,25.29,24.57,2.93
LSEA,11.7,10.93,7.04
BMRC,26.33,26.22,0.42
ENGN,8.29,7.68,7.94
CWBC,22.3,21.82,2.2
AKBA,1.93,1.88,2.66
AIRS,7.24,7.0,3.43
BWB,15.26,15.06,1.33
PAMT,19.1,18.7,2.14
EGHT,3.18,3.04,4.61
BIOX,6.59,6.13,7.5
PERI,8.55,8.52,0.35
HBCP,51.24,50.14,2.19
ACNB,48.37,47.96,0.85
USAP,44.34,44.27,0.16
USCB,20.78,20.53,1.22
GEVO,1.72,1.59,8.18
RRBI,60.6,59.4,2.02
AMCX,9.3,9.41,-1.17
WALD,3.34,3.32,0.6
SKYT,8.6,8.43,2.02
BHFAP,24.1,23.77,1.39
LSAK,5.25,5.26,-0.19
TNGX,3.8,3.92,-3.06
WTBA,24.18,24.28,-0.41
AGNCO,25.28,25.28,0.0
SGMO,1.94,1.88,3.19
LRMR,6.33,6.16,2.76
SOHU,12.2,12.04,1.33
PWUPU,11.45,11.45,0.0
RVNC,3.8,3.73,1.88
ACGLN,19.91,19.98,-0.35
ZIMV,14.41,14.17,1.69
CTNM,15.36,14.09,9.01
BHFAO,24.575,24.24,1.38
NVEC,81.65,80.97,0.84
CRMT,47.4,44.87,5.64
SERV,8.81,8.33,5.76
NEWT,14.76,14.53,1.58
AMLX,5.66,5.27,7.4
ALEC,3.96,3.94,0.51
HBANP,19.33,19.15,0.94
RWAY,10.31,10.42,-1.06
TKNO,7.19,7.33,-1.91
LOCO,12.76,12.3,3.74
MXCT,3.61,3.55,1.69
NNOX,6.48,6.36,1.89
GRPN,9.53,9.32,2.25
CCIX,10.32,10.3,0.19
SENEA,71.88,72.98,-1.51
CVRX,15.53,14.85,4.58
SSBK,38.0,37.11,2.4
FRBA,14.91,14.8,0.74
AEHR,12.67,12.16,4.19
FLX,7.04,7.95,-11.45
PRQR,3.54,3.62,-2.21
FSBW,47.6,46.9,1.49
MTRX,13.45,13.32,0.98
CDXS,4.55,4.61,-1.3
NIPG,6.6,6.26,5.43
NWTN,1.29,1.46,-11.64
MCFT,21.88,21.35,2.48
SFST,44.86,44.01,1.93
INBK,42.18,41.92,0.62
CIVB,23.23,22.9,1.44
XOMA,31.01,30.2,2.68
DOMO,9.44,9.45,-0.11
ALFUU,10.11,10.27,-1.56
GPAT,10.1097,10.08,0.29
APEI,20.47,19.87,3.02
DADA,1.37,1.35,1.48
ANSCU,10.5,10.5,0.0
ALF,10.0591,10.04,0.19
MBAV,10.035,10.03,0.05
TRUE,4.14,4.23,-2.13
CHSCP,29.33,29.2,0.45
HCVIU,10.55,10.55,0.0
PLAOU,11.62,11.62,0.0
LWAY,24.115,24.26,-0.6
TITN,15.42,15.14,1.85
ISPR,6.26,6.21,0.81
HRZN,9.26,9.29,-0.32
FDMT,7.62,7.79,-2.18
LWLG,2.82,2.98,-5.37
RCEL,13.07,13.34,-2.02
IHRT,2.3,2.4,-4.17
RGTI,2.75,1.74,58.05
ZJK,6.46,5.22,23.75
RZLV,2.19,1.82,20.33
ONEW,22.6,21.56,4.82
EWCZ,6.34,5.89,7.64
MFH,5.9,4.99,18.24
CCRN,10.87,10.34,5.13
WEYS,37.31,36.45,2.36
JOUT,34.27,33.37,2.7
BBCP,6.58,6.0,9.67
IBEX,20.92,20.6,1.55
PNRG,203.9,202.95,0.47
CDRO,7.72,7.6,1.58
MAMA,9.3,9.16,1.53
CZFS,73.4,72.74,0.91
AIRTP,17.49,17.4,0.52
CRNT,4.06,3.7,9.73
SVIIU,11.35,11.35,0.0
GATEU,11.2524,11.2524,0.0
NTRSO,21.6,21.52,0.37
NATH,84.59,83.545,1.25
BTMD,6.34,5.98,6.02
PCYO,14.3,14.03,1.92
ASLE,6.44,6.57,-1.98
BYND,5.25,4.89,7.36
AIP,8.5,8.37,1.55
DENN,6.65,6.25,6.4
JSPR,22.73,22.05,3.08
HEAR,16.97,15.78,7.54
LGTY,10.1,9.74,3.7
HBANL,26.15,26.14,0.04
JMSB,23.86,23.62,1.02
IPXXU,10.86,10.86,0.0
KOD,6.43,6.19,3.88
CERS,1.82,1.79,1.68
PMTS,30.24,29.75,1.65
ACIU,3.41,3.38,0.89
FLIC,14.96,14.42,3.74
PPYAU,11.19,11.19,0.0
OBT,59.38,59.5,-0.2
VMD,8.65,8.75,-1.14
SLN,7.21,7.01,2.85
AGNCN,25.87,25.71,0.62
DCTH,10.495,9.76,7.53
NODK,16.17,16.7,-3.17
KLTR,2.23,2.1,6.19
IPXX,10.6801,10.7,-0.19
KMDA,5.8,5.87,-1.19
BLZE,6.6,6.25,5.6
SPOK,16.38,16.22,0.99
GIG,9.96,9.95,0.1
BRKHU,11.49,11.49,0.0
SMTI,37.7,37.7,0.0
SDST,6.86,6.8,0.88
COFS,36.71,36.75,-0.11
CYRX,6.65,6.56,1.37
ARTNA,34.82,34.33,1.43
NETD,10.74,10.74,0.0
FNLC,29.36,29.3,0.2
RENEU,11.38,11.38,0.0
BCML,29.4,28.43,3.41
FORR,17.17,16.71,2.75
GIGGU,10.02,10.02,0.0
NETDU,10.66,10.66,0.0
IONR,5.5,5.46,0.73
SAGE,5.28,5.17,2.13
AEYE,26.48,27.23,-2.75
CLPT,11.67,11.835,-1.39
GWRS,13.27,13.31,-0.3
ESGRP,19.95,19.58,1.89
ARQ,7.59,7.86,-3.44
VACHU,10.08,10.08,0.0
DSGN,5.62,5.62,0.0
UROY,2.55,2.62,-2.67
CZNC,20.56,20.72,-0.77
VACH,10.02,10.0179,0.02
REFI,16.09,16.05,0.25
FRST,12.75,12.63,0.95
DOYU,9.95,10.23,-2.74
SNFCA,12.96,12.8,1.25
VYGR,5.75,5.655,1.68
BRY,4.07,4.23,-3.78
FDBC,54.56,54.24,0.59
JAKK,28.25,27.79,1.66
FLXS,59.37,59.71,-0.57
SIMAU,10.07,10.08,-0.1
CUB,10.05,10.0366,0.13
PBFS,11.85,11.8,0.42
SIMA,10.0,9.9981,0.02
TMC,0.9011,0.9175,-1.79
PDLB,12.76,12.82,-0.47
PCB,21.22,21.44,-1.03
CPZ,15.405,15.435,-0.19
ITOS,8.24,8.32,-0.96
ATNI,19.86,20.28,-2.07
VALN,4.2971,4.43,-3.0
LXRX,0.8132,0.8634,-5.81
GMGI,2.22,2.7,-17.78
RITR,4.3932,4.91,-10.53
SNBR,14.85,12.49,18.9
NGNE,22.315,20.3,9.93
ABSI,2.83,2.56,10.55
LAZR,9.6,8.95,7.26
NPCE,10.66,9.7,9.9
GILT,5.55,5.24,5.92
CMPS,4.57,4.41,3.63
ETON,12.03,11.23,7.12
QTTB,25.44,24.55,3.63
CCCC,4.38,4.25,3.06
NAUT,2.44,2.4,1.67
FSTR,28.28,27.8,1.73
ACCD,3.8,3.7,2.7
PBPB,10.21,9.92,2.92
WSBF,15.61,15.22,2.56
ACGLO,22.8664,22.9,-0.15
IVCAU,11.65,11.65,0.0
NATR,16.3,16.0,1.88
BLEUU,10.91,10.91,0.0
POET,4.25,4.01,5.99
SLMBP,74.94,74.91,0.04
ALDFU,10.01,10.0186,-0.09
CCIXU,10.35,10.35,0.0
VCICU,10.1105,10.1105,0.0
ALDX,4.97,4.85,2.47
CRNC,7.06,7.2,-1.94
FLDDU,11.4,11.4,0.0
VNDA,5.05,5.09,-0.79
POLE,9.965,9.96,0.05
TTSH,6.58,6.61,-0.45
IMMP,2.02,1.925,4.94
OSUR,3.93,3.88,1.29
VCIC,9.99,9.99,0.0
BLDE,3.74,3.3,13.33
QURE,5.99,5.78,3.63
IMMR,9.05,8.88,1.91
EXFY,3.27,3.4,-3.82
GPATU,10.1101,10.1101,0.0
LIEN,12.725,12.8702,-1.13
WTFCP,25.25,25.24,0.04
MBAVU,10.09,10.08,0.1
LPAAU,10.0548,10.0548,0.0
MVBF,22.29,22.3,-0.04
LPAA,10.0,10.0149,-0.15
HOND,10.0,10.0,0.0
AVIR,3.4,3.37,0.89
ARTV,11.81,11.2,5.45
ESEA,40.73,40.5,0.57
LNKB,7.63,7.58,0.66
ACRS,3.99,3.8,5.0
LILA,7.48,7.11,5.2
RGP,8.49,8.41,0.95
ANGO,6.99,6.83,2.34
UHG,5.86,6.1,-3.93
PLBC,48.1,47.53,1.2
ATAI,1.68,1.61,4.35
NYXH,8.2,8.0,2.5
RZLT,4.86,4.91,-1.02
FCNCP,23.46,23.0899,1.6
PFTAU,10.85,10.85,0.0
PKBK,23.61,23.55,0.25
PSTX,2.86,2.73,4.76
AUDC,9.3,9.14,1.75
PAL,10.23,9.8,4.39
DPCSU,12.01,12.01,0.0
FATE,2.42,2.29,5.68
SGC,16.83,16.64,1.14
PLMJU,11.0,11.0,0.0
LFCR,7.46,7.31,2.05
AFRI,10.16,10.35,-1.84
HDSN,6.03,6.01,0.33
PGEN,0.9302,0.9026,3.06
THCPU,11.19,11.19,0.0
PANL,5.79,5.87,-1.36
BWFG,34.54,33.2,4.04
BYNOU,11.32,11.32,0.0
VIRC,16.58,15.83,4.74
OCGN,0.9222,0.9074,1.63
GENK,8.15,7.77,4.89
GOCO,11.66,11.9,-2.02
TLGYU,11.55,11.55,0.0
ZYXI,8.34,8.26,0.97
TSBK,33.32,33.0,0.97
CITEU,11.43,11.43,0.0
INSE,9.89,9.91,-0.2
OVLY,31.4,30.71,2.25
ATYR,3.12,3.03,2.97
LUNG,6.61,6.79,-2.65
ASUR,9.77,9.65,1.24
ICG,4.3099,4.283,0.63
ABEO,5.94,5.98,-0.67
INAQU,10.74,10.74,0.0
PLL,13.19,13.28,-0.68
BLFY,11.23,11.29,-0.53
LYEL,0.9129,0.95,-3.91
PGHL,10.54,12.26,-14.03
MBCN,31.18,31.72,-1.7
SAMG,18.06,18.43,-2.01
TVGN,1.42,1.5,-5.33
AENT,4.83,5.0,-3.4
NVX,2.69,1.93,39.38
ATGL,17.325,14.2,22.01
LFMD,6.47,5.8,11.55
DRUG,38.59,35.33,9.23
CDZI,3.49,3.37,3.56
OB,5.2,5.05,2.97
BTOC,6.18,5.94,4.04
OPBK,17.36,17.16,1.17
TTEC,5.37,5.02,6.97
ESOA,15.43,15.3,0.85
TCRX,4.52,4.26,6.1
TCBIO,21.27,21.09,0.85
BPRN,37.17,36.88,0.79
PSNL,3.6,3.47,3.75
BACQU,9.9984,10.0,-0.02
BEAGU,10.0212,10.02,0.01
MODV,17.76,17.79,-0.17
NWFL,31.29,30.51,2.56
VMCAU,11.5,11.5,0.0
FVCB,13.9,13.79,0.8
TBRG,16.93,16.54,2.36
ILPT,3.81,3.7,2.97
ANIK,17.2,16.97,1.36
BMEA,6.93,6.44,7.61
ACB,4.57,4.34,5.3
CFFSU,11.07,11.07,0.0
IVCPU,11.1,11.1,0.0
CHMG,52.46,51.4,2.06
ZNTL,3.5,3.23,8.36
LCNB,17.63,17.27,2.08
CFFI,76.82,74.19,3.54
SBT,4.85,4.84,0.21
PFMT,3.16,3.17,-0.32
MRSN,2.0,2.04,-1.96
HLXB,10.42,10.42,0.0
SMID,46.38,45.5,1.93
WHF,10.47,10.54,-0.66
TATT,22.355,22.23,0.56
OZKAP,17.34,17.13,1.23
TGAAU,11.28,11.28,0.0
FUND,8.11,8.03,1.0
HAIAU,11.21,11.21,0.0
AHG,0.8645,0.8806,-1.82
ELDN,4.01,4.01,0.0
ISTR,24.36,23.82,2.27
BHFAM,17.1,16.91,1.12
SKGRU,11.42,11.42,0.0
LXEO,7.23,6.47,11.75
FINW,18.05,17.83,1.23
POLEU,10.0268,10.01,0.17
CCIRU,10.015,10.01,0.05
FBLA,11.95,12.2,-2.05
AGNCM,25.18,25.17,0.04
NEGG,0.608,0.585,3.93
BNTC,10.15,10.49,-3.24
FITBO,23.56,23.46,0.43
PWOD,31.19,30.41,2.56
MVST,0.726,0.666,9.01
SLDB,5.86,5.41,8.32
HITI,2.91,2.65,9.81
HPAI,6.3,5.8,8.62
GSRTU,9.985,9.99,-0.05
TLS,3.22,3.25,-0.92
INGN,9.78,9.38,4.26
IVA,2.67,2.615,2.1
HONDU,10.1,10.17,-0.69
CUBWU,10.07,10.0701,-0.0
BCBP,13.55,13.5,0.37
TZOO,19.51,19.82,-1.56
FUNC,35.49,34.97,1.49
LPBBU,9.98,9.99,-0.1
VABK,42.51,42.58,-0.16
IRBT,7.45,7.04,5.82
CPSS,10.61,10.55,0.57
SVCO,7.96,7.75,2.71
LANDP,22.269,22.1437,0.57
SFHG,11.13,11.7,-4.87
MYPS,1.81,1.88,-3.72
TRVI,2.92,2.91,0.34
PRLHU,11.19,11.19,0.0
UTMD,65.97,65.29,1.04
HMST,11.8,11.71,0.77
PNFPP,24.66,24.75,-0.36
CSLMU,11.69,11.69,0.0
RGCO,21.4,21.24,0.75
HQI,15.52,15.27,1.64
MFIN,9.46,9.56,-1.05
AMRN,0.529,0.5486,-3.57
MACI,10.05,10.034,0.16
SERA,6.38,6.54,-2.45
MVIS,0.9799,1.02,-3.93
BOCNU,11.31,11.49,-1.57
STRS,26.42,27.0,-2.15
GASS,5.81,6.05,-3.97
PESI,13.46,14.42,-6.66
OBIO,5.57,5.77,-3.47
RMBL,5.68,6.33,-10.27
QSI,1.37,1.62,-15.43
TNYA,2.96,2.38,24.37
ACRV,7.16,6.55,9.31
HWBK,31.72,30.42,4.27
KYTX,5.11,4.39,16.4
CRBP,17.95,17.47,2.75
AILE,1.53,1.5,2.0
ESCA,15.56,15.23,2.17
LNZA,1.09,1.06,2.83
STRO,2.61,2.51,3.98
INBX,14.86,14.08,5.54
WAFDP,17.8,17.53,1.54
KVACU,10.99,10.99,0.0
GNFT,4.2607,4.2,1.45
FXNC,23.66,22.55,4.92
AFCG,9.62,9.67,-0.52
MYFW,21.81,21.37,2.06
KVAC,10.87,10.87,0.0
SOPH,3.15,3.2,-1.56
SLDP,1.16,1.1,5.45
XBIT,6.86,6.83,0.44
FFNW,22.63,22.71,-0.35
SANG,6.26,6.2199,0.64
ESSA,20.51,20.3,1.03
IVCB,11.523,11.5348,-0.1
AVNW,16.35,15.42,6.03
CLYM,3.08,3.05,0.98
OKUR,15.48,15.55,-0.45
MGNX,3.29,3.24,1.54
CMPX,1.5,1.49,0.67
AMTX,4.14,4.03,2.73
PVBC,11.58,11.39,1.67
HOFT,19.11,18.67,2.36
CDLX,4.02,3.93,2.29
ARAY,2.03,1.93,5.18
PLCE,16.03,16.1,-0.43
WILC,14.7,14.3536,2.41
NKSH,31.98,31.26,2.3
RELL,14.14,14.24,-0.7
FSFG,29.51,29.22,0.99
BELFA,96.03,95.91,0.13
VSTA,2.53,2.53,0.0
SGHT,3.98,4.01,-0.75
ALCO,26.47,26.44,0.11
NKTR,1.09,1.05,3.81
FITBP,25.0,24.82,0.73
ZURA,3.06,2.73,12.09
BETR,13.13,12.89,1.86
PROP,8.66,8.77,-1.25
WNEB,9.4,9.5,-1.05
DMAC,4.62,4.7,-1.7
NNBR,3.95,3.96,-0.25
CKPT,4.03,3.75,7.47
EDIT,2.38,2.44,-2.46
BVFL,16.91,16.78,0.77
ISRLU,11.26,11.26,0.0
MAPS,1.28,1.2,6.67
SWKH,15.95,15.89,0.38
FCCO,25.52,25.05,1.88
JRVR,4.46,4.45,0.22
SEVN,13.06,12.99,0.54
OACCU,10.1189,10.22,-0.99
GHIX,10.12,10.4,-2.69
BDSX,1.33,1.28,3.91
TSVT,3.75,3.61,3.88
GPRO,1.25,1.22,2.46
FCNCO,24.07,23.66,1.73
ENTA,9.01,9.34,-3.53
BSIIU,10.02,10.01,0.1
HFFG,3.59,3.54,1.41
LATGU,11.63,11.63,0.0
BSII,9.8501,9.85,0.0
INSG,12.59,12.17,3.45
PAYS,3.5,3.46,1.16
MDWD,17.33,16.48,5.16
RMNI,2.05,2.0,2.5
LOGC,7.09,7.1,-0.14
NUTX,34.22,32.91,3.98
NEOV,5.57,5.8,-3.97
KINS,15.02,15.15,-0.86
PROF,7.52,7.55,-0.4
RDCM,11.8,11.62,1.55
MRCC,8.49,8.41,0.95
EVGRU,12.3,12.3,0.0
GLSI,13.94,13.55,2.88
BWAY,9.74,10.0,-2.6
NYMTM,24.93,24.97,-0.16
CRBU,2.02,2.02,0.0
RAIL,9.65,9.45,2.12
ORGN,1.24,1.24,0.0
OXSQ,2.67,2.62,1.91
TCX,16.41,16.16,1.55
SSP,2.07,2.1,-1.43
NTWOU,9.96,9.96,0.0
MBINN,22.675,22.62,0.24
AZI,1.69,1.84,-8.15
YIBO,3.26,3.6,-9.44
VSTM,3.91,4.0,-2.25
LFVN,13.83,14.2,-2.61
INZY,2.64,2.81,-6.05
NBTX,3.5,3.7884,-7.61
ARQQ,17.73,12.92,37.23
FCEL,10.44,8.28,26.09
ATOM,6.7,5.8,15.52
MOLN,5.62,5.2851,6.34
FULC,3.44,3.25,5.85
MRBK,16.31,15.5,5.23
EM,0.71,0.6865,3.42
NKTX,2.59,2.45,5.71
TSSI,8.1,7.39,9.61
TDUP,1.6,1.55,3.23
CSPI,18.49,17.18,7.63
ALLT,4.57,4.23,8.04
JYNT,11.95,11.75,1.7
CFBK,28.0,27.375,2.28
ACTU,9.15,8.98,1.89
ADAP,0.6971,0.6616,5.37
CLAR,4.63,4.51,2.66
RTC,9.22,9.08,1.54
DRTS,2.5295,2.32,9.03
RILY,5.84,5.05,15.64
RCMT,23.28,21.52,8.18
SKIN,1.42,1.42,0.0
III,3.57,3.53,1.13
FLL,4.91,4.86,1.03
EML,28.12,28.54,-1.47
BRKH,11.44,11.41,0.26
HRTX,1.14,1.07,6.54
SPKLU,10.55,10.58,-0.28
SPKL,10.55,10.56,-0.09
SKGR,11.52,11.44,0.7
LBRDP,24.0,23.95,0.21
HNVR,24.05,23.94,0.46
VOXX,7.64,7.44,2.69
PEBK,31.43,31.47,-0.13
KOPN,1.08,1.01,6.93
LBTYB,13.18,13.18,0.0
TIL,26.17,26.15,0.08
TROO,1.68,1.7,-1.18
SCPH,3.41,3.35,1.79
BRLT,1.73,1.72,0.58
STRT,41.55,41.99,-1.05
WAVSU,11.54,11.54,0.0
GALT,2.71,2.78,-2.52
AZ,6.64,6.94,-4.32
RCKY,22.69,21.82,3.99
CTRN,19.565,18.92,3.41
QRTEA,0.434,0.3995,8.64
TWIN,11.93,11.42,4.47
UBFO,9.7,9.67,0.31
KRMD,3.66,3.52,3.98
GNSS,3.76,3.77,-0.27
FGBI,13.4,13.48,-0.59
MSSAU,11.39,11.39,0.0
MKTW,0.516,0.5204,-0.85
SHIP,8.15,8.34,-2.28
FULTP,20.87,20.4,2.3
HBANM,23.82,23.3,2.23
MITAU,11.05,11.05,0.0
MHLD,1.66,1.72,-3.49
SSTI,13.08,12.36,5.83
TUSK,3.42,3.49,-2.01
CZWI,16.4,16.1,1.86
OGI,1.58,1.52,3.95
BPYPN,14.3,14.28,0.14
ARBE,1.93,1.9,1.58
BLNK,1.62,1.53,5.88
BPYPO,16.39,16.2001,1.17
FLD,11.375,11.35,0.22
MACIU,10.14,10.14,0.0
ATOS,1.28,1.22,4.92
BFIN,12.9,12.57,2.63
JFIN,6.17,5.87,5.11
LAKE,21.61,21.61,0.0
PDEX,49.0,46.75,4.81
ALCYU,11.1,10.8,2.78
SGMT,4.93,4.76,3.57
VLYPN,26.43,26.32,0.42
GOSS,0.6992,0.6956,0.52
IBAC,10.06,10.06,0.0
IKT,2.34,2.31,1.3
CADL,4.84,5.04,-3.97
ATLO,17.43,17.62,-1.08
ESHA,10.66,10.67,-0.09
MMLP,4.0,3.97,0.76
CHSN,7.27,7.5,-3.07
PTMN,16.89,16.9,-0.06
REE,7.26,7.295,-0.48
APPS,1.49,1.52,-1.97
CBFV,30.11,30.0,0.37
HCVI,10.52,10.52,0.0
ADUR,5.45,5.5,-0.91
POWW,1.29,1.28,0.78
RFAI,10.17,10.18,-0.1
EGAN,5.34,5.33,0.19
EUDA,4.3223,4.53,-4.58
THCH,0.9,1.01,-10.89
ZJYL,0.9474,1.06,-10.62
AMLI,0.6768,0.71,-4.67
GAIA,6.25,6.465,-3.33
HURA,3.36,3.76,-10.64
BCOV,4.32,3.19,35.42
EHTH,5.45,5.0,9.0
BZFD,4.24,3.77,12.47
BOOM,7.94,7.4,7.3
VRA,5.58,5.22,6.9
FTLF,34.12,32.3,5.63
RMBI,14.25,13.9,2.52
FENC,5.66,5.32,6.39
ACHV,4.51,4.29,5.13
SIGIP,19.25,18.9,1.85
AGNCL,25.5899,25.27,1.27
UEIC,11.7,11.33,3.27
BZUN,2.53,2.37,6.75
GAUZ,8.09,7.89,2.53
MCRB,0.8852,0.7686,15.17
GGR,0.512,0.497,3.02
RENE,11.62,11.62,0.0
WSBCP,25.1,25.24,-0.55
MBINM,26.29,26.25,0.15
HURC,23.19,22.66,2.34
TDTH,2.315,2.23,3.81
DYNXU,9.96,9.96,0.0
USGO,11.98,11.2,6.96
BANX,20.86,20.84,0.1
QRHC,7.21,7.18,0.42
STHO,11.14,11.21,-0.62
PBYI,3.02,3.0,0.67
FRAF,33.47,33.59,-0.36
SCWO,1.03,1.01,1.98
BAER,2.71,2.7,0.37
KGEI,4.1,4.05,1.23
PEPG,4.48,4.41,1.59
TAYD,46.62,46.4,0.47
CSTE,4.22,4.14,1.93
VTYX,2.06,1.85,11.35
ROCLU,11.25,11.25,0.0
ISRL,11.2805,11.28,0.0
SRTS,8.78,8.89,-1.24
ELUT,4.16,4.12,0.97
QSG,2.79,2.8,-0.36
BDTX,2.51,2.54,-1.18
ABOS,2.36,2.37,-0.42
CXDO,5.22,5.24,-0.38
CLLS,1.96,1.87,4.81
UNB,31.23,31.1,0.42
ZIONO,25.49,25.51,-0.08
DIBS,3.86,3.85,0.26
SEER,2.38,2.43,-2.06
ORIS,6.44,6.15,4.72
MNSB,18.42,18.4,0.11
NEON,8.34,8.16,2.21
NIU,1.8,1.85,-2.7
EBMT,17.4,17.06,1.99
GLLIU,11.59,11.59,0.0
VXRT,0.6121,0.6,2.02
SBFG,20.91,21.79,-4.04
MPAA,6.99,6.73,3.86
NYMTN,22.5986,22.45,0.66
GEOS,10.84,11.27,-3.82
AFBI,21.45,21.52,-0.33
SFBC,53.57,54.0,-0.8
CNTY,4.45,4.39,1.37
CSLR,1.85,1.94,-4.64
DLTH,3.88,3.75,3.47
MAMO,3.27,3.22,1.55
ISSC,7.71,7.7,0.13
MRAM,6.14,6.36,-3.46
ECBK,14.77,14.89,-0.81
ALSAU,11.71,11.71,0.0
BSET,15.27,14.94,2.21
FTIIU,11.05,11.05,0.0
VOXR,2.65,2.78,-4.68
TOYO,2.9,2.805,3.39
LANDO,22.3079,22.19,0.53
PDYN,4.41,4.6,-4.13
LGO,2.07,2.025,2.22
BPOPM,25.51,25.56,-0.2
FNWD,30.75,30.75,0.0
DSY,2.31,2.29,0.87
CDTX,18.69,20.4,-8.38
CAAS,4.35,4.36,-0.23
CEP,10.25,10.25,0.0
NYMTL,22.74,22.66,0.35
LCUT,5.89,5.76,2.26
VGAS,4.06,4.17,-2.64
EPSN,5.93,6.04,-1.82
GATE,11.13,11.13,0.0
NTIC,13.57,13.99,-3.0
LARK,23.22,23.17,0.22
SATL,1.4,1.4,0.0
OVBC,27.0,27.75,-2.7
MBINO,25.41,25.4,0.04
TOUR,1.02,1.02,0.0
CRDL,1.54,1.62,-4.94
ULBI,7.54,7.63,-1.18
TLSI,4.07,4.53,-10.15
BOCN,10.9,11.46,-4.89
VIGL,3.01,3.19,-5.64
IPHA,1.45,1.63,-11.04
ELPW,1.85,2.38,-22.27
YXT,2.99,2.05,45.85
VUZI,2.25,1.71,31.58
CHRS,1.21,1.09,11.01
CBUS,4.65,4.14,12.32
TELO,4.49,4.24,5.9
RPTX,3.05,2.81,8.54
ADVM,6.15,6.04,1.82
NKLA,2.1,2.02,3.96
FEIM,13.29,13.09,1.53
BRLS,5.91,5.67,4.23
CGEN,1.41,1.41,0.0
WLACU,9.975,9.965,0.1
FTAIO,25.46,25.46,0.0
WTFCM,25.12,25.1,0.08
CRDF,2.45,2.45,0.0
IFRX,2.12,2.08,1.92
TRVG,1.79,1.68,6.55
OPRT,3.46,3.16,9.49
SKYE,4.1,4.12,-0.49
DXLG,2.28,2.32,-1.72
DLHC,8.73,8.53,2.34
WMPN,13.43,13.29,1.05
BPYPP,16.75,16.72,0.18
ONBPO,25.1094,25.1128,-0.01
AOUT,9.57,9.79,-2.25
KEQU,42.54,43.7,-2.65
RFAIU,10.26,10.26,0.0
PPIH,15.27,15.35,-0.52
DTI,3.51,3.54,-0.85
TETEU,12.15,12.2,-0.41
EPRX,3.41,3.49,-2.29
SENEB,73.7,71.26,3.42
IZTC,14.8,14.9,-0.67
QH,1.34,1.35,-0.74
IGTAU,11.6,11.6,0.0
XNET,1.89,1.87,1.07
PLAO,11.63,11.63,0.0
ZTEK,1.15,1.15,0.0
BTM,1.98,1.99,-0.5
OCCI,7.14,7.11,0.42
KACLU,12.21,12.21,0.0
RANI,2.08,2.08,0.0
DUETU,11.3,11.3,0.0
BRACU,11.31,11.31,0.0
SSSS,5.05,5.05,0.0
APXI,11.88,11.87,0.08
MNTX,5.73,5.74,-0.17
VBFC,77.9,77.9,0.0
GRWG,1.97,1.86,5.91
OTLK,4.93,5.03,-1.99
RVSB,5.53,5.45,1.47
PFIE,2.52,2.52,0.0
HTLFP,25.3001,25.3156,-0.06
BROG,1.32,1.31,0.76
SIEB,2.89,2.85,1.4
TELA,2.94,3.01,-2.33
MSBIP,25.1243,25.08,0.18
GIFI,7.06,6.94,1.73
CFFS,11.2,11.12,0.72
CGO,11.66,11.95,-2.43
VLYPP,24.88,24.99,-0.44
QUIK,7.78,7.53,3.32
KNDI,1.3,1.23,5.69
LTRX,2.95,2.86,3.15
PLMJ,11.1,11.1,0.0
WINVU,11.31,11.26,0.44
RFACU,11.29,11.29,0.0
EMCGU,11.65,11.65,0.0
MAXN,7.98,8.52,-6.34
PYXS,1.89,1.9,-0.53
REGCP,24.35,24.35,0.0
PCSC,10.11,10.1,0.1
ALOT,14.86,14.77,0.61
ATLX,7.21,7.93,-9.08
PLBY,1.24,1.22,1.64
IMPP,3.29,3.37,-2.37
SVII,11.22,11.23,-0.09
OPOF,21.82,21.65,0.79
ONBPP,25.6148,25.18,1.73
FTAIN,26.25,26.15,0.38
TLGY,11.64,11.64,0.0
FCAP,32.65,32.78,-0.4
FNWB,11.69,11.4,2.54
FONR,16.42,16.44,-0.12
BHST,6.3,6.22,1.29
OFS,8.12,8.15,-0.37
COYA,6.5,6.5,0.0
RBKB,9.79,9.75,0.41
THCP,11.395,11.42,-0.22
PROV,15.9,15.72,1.15
ALTO,1.4,1.42,-1.41
PPYA,11.13,11.13,0.0
INMB,4.8,4.87,-1.44
BSBK,8.12,8.21,-1.1
CRGO,2.1,2.37,-11.39
SHMD,2.4,2.48,-3.23
CAMP,4.46,5.41,-17.56
PROC,1.27,0.92,38.04
SCLX,0.6,0.5208,15.21
CABA,2.29,1.87,22.46
IPSC,1.3,1.21,7.44
CNTX,1.46,1.39,5.04
RSSS,3.36,3.25,3.38
GUTS,2.27,2.09,8.61
KLXE,6.49,6.32,2.69
STKS,3.53,3.43,2.92
KVHI,5.48,5.25,4.38
INO,4.13,4.07,1.47
SKYX,1.05,1.0,5.0
ACNT,10.65,10.4,2.4
CHARU,9.99,9.99,0.0
IMUX,1.18,1.1,7.27
TLSA,0.9599,0.9522,0.81
GECC,10.14,10.15,-0.1
DCOMP,19.99,19.84,0.76
SIFY,3.46,3.37,2.67
GLSTU,11.48,11.48,0.0
SRBK,11.18,11.04,1.27
VERI,2.75,2.73,0.73
KPTI,0.84,0.845,-0.59
SND,2.45,2.42,1.24
AKYA,2.12,2.11,0.47
CODA,9.38,9.32,0.64
PCTTU,14.0,14.0,0.0
FNGR,1.94,1.9,2.11
SNCR,9.56,9.52,0.42
ANIX,3.22,3.2,0.63
DECAU,11.6,11.6,0.0
QIPT,2.4,2.41,-0.41
SUNS,14.9,14.78,0.81
UPLD,3.75,3.32,12.95
CMTL,3.56,3.29,8.21
GODNU,11.49,11.72,-1.96
MNPR,19.4,20.1,-3.48
PRPL,0.95,0.8822,7.69
REGCO,23.25,23.6,-1.48
AVTX,9.83,10.13,-2.96
CNOBP,22.16,21.79,1.7
CPHC,20.3,19.95,1.75
TPIC,2.14,2.02,5.94
LEE,16.42,16.75,-1.97
SFWL,1.23,1.11,10.81
AIRG,8.94,8.95,-0.11
VLYPO,25.3,25.34,-0.16
BOWNU,11.0,11.0,0.0
MNOV,2.05,2.13,-3.76
ADAG,2.27,2.1935,3.49
VERU,0.6859,0.675,1.61
CURI,1.8,1.81,-0.55
NCTY,11.1,11.06,0.36
BOWN,10.88,10.885,-0.05
RGLS,1.52,1.47,3.4
HOVNP,17.68,17.54,0.8
LTBR,6.27,6.3,-0.48
MIST,1.85,1.84,0.54
PETS,4.76,4.78,-0.42
HBIO,2.24,2.27,-1.32
NOTV,3.75,3.59,4.46
TBNK,11.03,10.94,0.82
HUDAU,13.4,13.4,0.0
HLVX,1.94,1.86,4.3
LPTX,2.52,2.55,-1.18
AFJK,10.6,10.62,-0.19
NVCT,4.95,5.1,-2.94
GLAC,10.63,10.61,0.19
AREC,1.23,1.2,2.5
VIOT,1.39,1.48,-6.08
QETAU,10.61,10.61,0.0
EVGR,11.76,11.76,0.0
ORMP,2.35,2.34,0.43
PFX,46.75,46.28,1.02
DYCQU,10.52,10.52,0.0
ASMB,14.81,15.04,-1.53
QETA,10.505,10.5,0.05
ALAR,13.63,15.2,-10.33
AIMBU,11.65,11.65,0.0
BKHAU,10.49,11.0,-4.64
GBIO,1.4,1.37,2.19
PHUN,4.7,4.88,-3.69
IKNA,1.71,1.71,0.0
CITE,11.64,11.64,0.0
BLACU,11.74,11.74,0.0
DYCQ,10.3848,10.3848,0.0
IVCA,11.68,11.68,0.0
MDXH,1.87,1.88,-0.53
SLNG,4.98,5.03,-0.99
FSHPU,10.43,10.43,0.0
CLRCU,11.56,11.56,0.0
BKHA,10.34,10.32,0.19
INVE,3.86,3.96,-2.53
EDAP,2.47,2.47,0.0
IROH,10.3,10.32,-0.19
DTSQU,10.2,10.2,0.0
YTRA,1.45,1.47,-1.36
ANL,2.31,2.63,-12.17
ZBAO,2.6829,2.9999,-10.57
LASE,5.91,6.55,-9.77
INVZ,0.685,0.5325,28.64
WW,1.24,1.04,19.23
FBLG,2.85,2.6,9.62
ASRT,1.01,0.9408,7.36
MASS,2.7,2.56,5.47
ELVA,2.72,2.36,15.25
CHCI,9.27,9.05,2.43
AXTI,2.06,1.97,4.57
SILC,14.955,14.22,5.17
METCB,10.36,10.12,2.37
VRCA,0.991,0.9945,-0.35
FSHP,10.12,10.12,0.0
REKR,0.9549,0.9642,-0.96
ESGRO,20.34,19.8788,2.32
DTSQ,10.05,10.04,0.1
PWUP,11.495,11.495,0.0
VEEA,2.5,2.52,-0.79
MOND,1.02,0.9945,2.56
HOWL,2.0,1.9,5.26
JVSAU,10.9,10.9,0.0
GNLX,2.56,2.55,0.39
VFF,0.7868,0.7648,2.88
HSPO,11.28,11.28,0.0
SY,0.8685,0.83,4.64
LGCL,1.13,1.02,10.78
SUUN,2.85,2.84,0.35
PFTA,10.87,10.71,1.49
BYNO,11.43,11.43,0.0
GNTA,4.79,4.694,2.05
QNCX,1.98,1.96,1.02
GOODO,21.74,21.905,-0.75
GDSTU,11.41,11.41,0.0
OAKUU,11.5,11.37,1.14
LVO,0.905,0.8777,3.11
RRGB,5.475,5.195,5.39
NA,8.39,8.26,1.57
VTSI,7.65,7.71,-0.78
MGYR,13.25,13.26,-0.08
CVGI,2.49,2.42,2.89
BUJAU,11.05,11.05,0.0
OPRX,4.65,4.87,-4.52
LNSR,7.36,7.38,-0.27
DERM,5.74,5.37,6.89
EHGO,3.92,3.75,4.53
AITRU,10.845,10.845,0.0
SDIG,4.92,5.04,-2.38
VMCA,11.51,11.51,0.0
OXLCP,24.065,24.08,-0.06
IROHU,10.8,10.8,0.0
MAYS,42.0001,42.0001,0.0
WTMAU,11.27,11.27,0.0
HUHU,4.01,4.0001,0.25
PBHC,17.82,18.0,-1.0
ASYS,5.9,5.75,2.61
FAT,5.32,5.32,0.0
BRID,9.21,9.23,-0.22
BAYAU,10.8,10.8,0.0
WOK,5.72,5.78,-1.04
BLEU,11.03,11.03,0.0
RLMD,2.76,2.8,-1.43
AGEN,3.55,3.34,6.29
WIMI,0.8471,0.8359,1.34
AITR,10.6,10.6,0.0
GAN,1.82,1.84,-1.09
MDBH,8.3291,8.08,3.08
USAU,7.65,8.01,-4.49
SLS,1.17,1.17,0.0
PMVP,1.59,1.61,-1.24
BAYA,10.62,10.62,0.0
SGA,13.09,12.94,1.16
CLSD,1.08,1.08,0.0
CURR,1.75,1.8058,-3.09
YHNAU,10.19,10.19,0.0
TGAA,11.35,11.35,0.0
PDSB,2.17,2.09,3.83
VANI,1.37,1.34,2.24
PRLH,11.29,11.29,0.0
CBAT,0.8999,0.8899,1.12
BRAG,3.218,3.31,-2.78
CMRX,0.8919,0.9,-0.9
IVVD,0.6702,0.7014,-4.45
AUBN,22.91,23.35,-1.88
DGICB,14.35,14.3511,-0.01
EPIX,1.8,1.83,-1.64
JVSA,10.39,10.38,0.1
YHNA,10.01,10.0,0.1
HPH,0.3201,0.3214,-0.4
AGFY,45.81,47.62,-3.8
RENB,0.5,0.519,-3.66
LATG,11.6799,11.6799,0.0
GSIT,3.1,3.19,-2.82
VIASP,22.12,22.4599,-1.51
ATMV,11.25,11.25,0.0
HNNA,10.25,10.26,-0.1
GLACU,10.8,10.8,0.0
ALLK,0.8688,0.8766,-0.89
LSBK,13.45,13.96,-3.65
CRVO,8.76,9.6,-8.75
LICN,1.84,2.16,-14.81
LPSN,1.0,0.843,18.62
MSW,6.68,5.59,19.5
BCAB,1.66,1.57,5.73
OPTN,0.5296,0.48,10.33
ZENV,1.53,1.4,9.29
ME,3.29,3.11,5.79
AIFU,1.38,1.26,9.52
CAPN,9.99,9.9848,0.05
HSPOU,11.6,11.6,0.0
ASPCU,10.01,10.0,0.1
OVID,1.1,1.05,4.76
WPRT,4.51,4.43,1.81
ATMC,11.31,11.31,0.0
ALXO,1.47,1.41,4.26
AVTE,2.68,2.66,0.75
EURK,10.11,10.12,-0.1
IVCP,11.25,11.16,0.81
RGC,5.905,5.87,0.6
NSPR,2.94,2.65,10.94
VCSA,3.36,2.99,12.37
PIII,0.2125,0.213,-0.23
FVNNU,10.1,10.07,0.3
SPWH,2.01,2.0,0.5
IMAB,0.94,0.9397,0.03
MCHX,1.74,1.65,5.45
VTGN,2.725,2.58,5.62
RDACU,10.08,10.07,0.1
FVN,10.01,9.97,0.4
BEAT,2.83,2.79,1.43
UBCP,13.02,13.21,-1.44
MGX,2.01,1.89,6.35
CTMX,0.9603,0.89,7.9
CCLDP,16.535,16.3028,1.42
MSSA,11.67,11.67,0.0
FATBP,9.54,9.46,0.85
GLE,4.08,3.94,3.55
RMTI,2.31,2.25,2.67
ACET,0.904,0.9,0.44
AISP,2.73,2.44,11.89
ECOR,11.35,11.21,1.25
HYPR,1.015,1.02,-0.49
GOODN,24.18,24.09,0.37
ORKT,3.19,3.09,3.24
HTCO,1.31,1.25,4.8
ALGS,20.46,20.04,2.1
ELTK,10.92,11.05,-1.18
ATMCU,11.5,11.5,0.0
DPCS,12.6,12.6,0.0
TETE,12.21,12.21,0.0
WRAP,1.59,1.47,8.16
YYGH,1.85,1.975,-6.33
IVAC,2.7,2.68,0.75
SOTK,4.62,4.62,0.0
TECTP,10.3,10.32,-0.19
ICCH,23.1,23.24,-0.6
ATMVU,11.31,11.31,0.0
FORLU,11.03,11.03,0.0
SHIM,2.135,2.1,1.67
ARBK,1.13,1.17,-3.42
ONCY,0.935,0.9541,-2.0
INAQ,11.0,10.84,1.48
XGN,4.05,4.1,-1.22
MGRM,2.08,1.97,5.58
BYSI,1.77,1.74,1.72
FUSB,12.45,12.7,-1.97
FTAIM,27.18,27.5043,-1.18
ABAT,0.9452,0.8899,6.21
IROQ,21.0,21.2969,-1.39
BLUE,0.3617,0.3501,3.31
ATRA,12.12,11.47,5.67
ESGL,1.73,1.7503,-1.16
CSLM,11.35,11.35,0.0
FDSB,12.46,12.4999,-0.32
SNT,2.96,2.99,-1.0
NVAC,11.71,11.71,0.0
GLLI,11.44,11.44,0.0
OAKU,11.36,11.36,0.0
LOOP,1.44,1.41,2.13
HAIA,11.43,11.5001,-0.61
KOSS,7.31,7.09,3.1
LRFC,25.4,24.93,1.89
KSCP,16.03,15.63,2.56
AUID,6.18,6.56,-5.79
BOTJ,14.75,14.75,0.0
CCG,0.86,0.866,-0.69
ONDS,0.864,0.887,-2.59
ATLCP,23.85,23.77,0.34
PAVS,0.9868,0.9646,2.3
PPSI,5.98,6.21,-3.7
BIRD,8.28,8.3,-0.24
LBGJ,3.49,3.6999,-5.67
BTCT,15.32,16.7,-8.26
CLRB,1.57,1.58,-0.63
IMRX,2.08,2.1,-0.95
FFIE,1.42,1.51,-5.96
DGHI,1.91,2.06,-7.28
FORA,2.02,2.16,-6.48
PTHL,4.36,4.68,-6.84
JUNE,4.76,5.0,-4.8
CASI,4.29,5.1,-15.88
OPI,1.65,1.14,44.74
PTLE,6.69,4.84,38.22
WLGS,5.33,4.22,26.3
FOSL,1.29,1.17,10.26
RDZN,1.0,0.832,20.19
CUE,1.06,1.02,3.92
MURA,3.87,3.35,15.52
CELU,3.0,2.76,8.7
SCNX,7.64,7.54,1.33
LPTH,1.65,1.49,10.74
INCR,1.42,1.35,5.19
REFR,1.93,1.87,3.21
AFJKU,10.75,10.75,0.0
FTII,11.06,10.99,0.64
WAVE,11.57,10.09,14.67
HSPTU,9.995,9.99,0.05
EURKU,10.29,10.29,0.0
HGBL,1.71,1.62,5.56
LUNA,1.88,1.86,1.08
NHTC,5.52,5.63,-1.95
ALVR,0.55,0.5499,0.02
ZEO,1.34,1.31,2.29
SPAI,4.59,4.57,0.44
CAPNU,10.09,10.09,0.0
STCN,9.9,10.03,-1.3
SPRO,1.15,1.16,-0.86
NOEMU,9.9882,9.98,0.08
ZIONP,23.6,23.586,0.06
TYGO,1.02,0.931,9.56
BEEM,4.18,4.16,0.48
MITA,11.1285,11.1285,0.0
WFCF,11.67,11.51,1.39
ENTX,1.67,1.59,5.03
AQUNU,11.15,11.15,0.0
PRTS,1.07,1.12,-4.46
MDIA,1.315,1.32,-0.38
AIXI,6.35,5.95,6.72
LOAN,5.31,5.33,-0.38
TOP,1.64,1.63,0.61
CTOR,0.8501,0.8521,-0.23
GBBK,11.1,11.1,0.0
OPXS,8.79,8.61,2.09
LANDM,25.0,24.9626,0.15
RR,0.6328,0.6179,2.41
CCNEP,24.95,25.0258,-0.3
CNVS,3.76,3.92,-4.08
NVNO,3.4,3.41,-0.29
BCOW,10.0,9.97,0.3
QOMOU,11.31,11.31,0.0
STFS,4.89,4.72,3.6
CPBI,14.31,14.3653,-0.38
BTCS,3.4,3.55,-4.23
NYMTZ,19.8,19.7954,0.02
HYMC,2.37,2.44,-2.87
WHLRD,24.84,25.82,-3.8
NSTS,11.11,11.24,-1.16
APYX,1.44,1.445,-0.35
CLEU,0.2087,0.2071,0.77
LUCD,0.9804,0.999,-1.86
SELF,5.16,5.17,-0.19
KTCC,5.39,5.61,-3.92
OCFCP,25.2,25.2001,-0.0
NB,1.36,1.39,-2.16
NCSM,22.95,23.01,-0.26
UNCY,0.5526,0.53,4.26
OXLCN,23.86,23.81,0.21
XFOR,0.3356,0.338,-0.71
BNR,5.56,5.6,-0.71
EFSCP,20.36,20.4964,-0.67
CSBR,4.18,4.55,-8.13
DYAI,1.91,1.93,-1.04
VOR,0.8169,0.79,3.41
ROCL,11.38,11.635,-2.19
AIRT,20.21,19.39,4.23
DTIL,7.24,7.26,-0.28
MODD,1.6,1.68,-4.76
THTX,1.2,1.2,0.0
PRE,4.5101,4.42,2.04
OXLCO,22.8,23.0399,-1.04
AADI,2.22,2.3,-3.48
BUJA,11.05,11.03,0.18
KZR,7.47,7.5,-0.4
HTIBP,15.0,15.2,-1.32
WAI,0.297,0.3301,-10.03
CNTB,0.978,1.0,-2.2
BAFN,12.99,13.1,-0.84
OMIC,21.37,21.42,-0.23
KRON,0.888,0.903,-1.66
GEG,1.8,1.82,-1.1
BIVI,3.0,3.05,-1.64
ALRN,2.46,2.47,-0.4
IPWR,6.53,6.62,-1.36
IDN,2.68,2.71,-1.11
SPHL,4.6,4.74,-2.95
NTRB,4.75,4.81,-1.25
CLIR,1.04,1.18,-11.86
BDMD,2.0,2.28,-12.28
VIVK,1.51,1.68,-10.12
HTLM,2.8,3.975,-29.56
QMCO,21.77,9.13,138.44
VSTE,2.13,1.65,29.09
BOLD,2.56,2.35,8.94
GRRR,5.09,4.78,6.49
ITRM,1.99,1.81,9.94
ELTX,5.0,4.93,1.42
STI,0.4375,0.3845,13.78
RECT,3.7,3.55,4.23
TARA,2.6,2.39,8.79
RFAC,11.46,11.46,0.0
PRLD,0.9642,0.9487,1.63
CLRC,11.65,11.65,0.0
LVLU,1.26,1.24,1.61
YI,0.6165,0.6115,0.82
EMCG,11.65,11.65,0.0
BWBBP,19.05,18.6,2.42
SGRP,2.24,2.21,1.36
PITA,1.1,1.02,7.84
SHOT,0.8501,0.8301,2.41
SHLT,3.17,2.8501,11.22
HOUR,1.4641,1.49,-1.74
UCL,1.37,1.2599,8.74
LSB,2.69,2.62,2.67
SNYR,5.89,5.8,1.55
SMXT,1.13,1.1,2.73
KELYB,15.4935,14.2,9.11
TORO,2.67,2.7,-1.11
BGM,7.04,7.0,0.57
CTSO,0.93,0.92,1.09
CLST,11.71,11.65,0.52
GODN,11.2,11.22,-0.18
FKWL,4.3,4.25,1.18
MSAI,1.66,1.64,1.22
ALCY,11.1,11.1,0.0
EBON,8.0,7.365,8.62
MARXU,11.23,11.23,0.0
NXL,3.9,3.82,2.09
CPTN,3.12,3.12,0.0
TBMC,11.13,11.13,0.0
MARX,11.12,11.129,-0.08
IOBT,0.75,0.7079,5.95
AERT,1.11,1.05,5.71
OSS,2.32,2.33,-0.43
USEG,1.75,1.86,-5.91
OPHC,4.85,4.83,0.41
CLGN,4.2576,4.14,2.84
ANGH,0.7296,0.769,-5.12
SELX,1.3,1.405,-7.47
ALSA,11.83,11.83,0.0
FTCI,0.38,0.4039,-5.92
RGS,21.25,22.5,-5.56
DBVT,0.5,0.469,6.61
STTK,1.01,1.005,0.5
CCLD,2.96,2.82,4.96
DXR,9.89,9.2842,6.53
SSBI,7.06,6.92,2.02
CALC,3.53,3.45,2.32
MNY,1.16,1.15,0.87
OM,0.9043,0.8376,7.96
OMGA,0.858,0.786,9.16
CRWS,4.57,4.52,1.11
FARM,2.23,2.1,6.19
RPID,1.1,1.15,-4.35
IMMX,1.72,1.79,-3.91
MBNKP,25.7,25.7,0.0
FLNT,2.8,2.81,-0.36
GANX,1.82,1.72,5.81
ASRV,2.86,2.88,-0.69
IZEA,2.78,2.84,-2.11
WKHS,1.15,1.1,4.55
MTC,0.2366,0.2345,0.9
SCYX,1.24,1.2,3.33
GLST,11.5,11.5,0.0
FBIO,1.68,1.61,4.35
TCBS,14.87,14.93,-0.4
BMR,2.98,3.02,-1.32
PXLW,0.7831,0.7708,1.6
KACL,12.5,12.5,0.0
PODC,1.88,1.86,1.08
IGTA,11.72,11.75,-0.26
BCG,2.75,2.62,4.96
DWSN,1.47,1.45,1.38
BLAC,11.26,11.13,1.17
AGAE,1.03,1.01,1.98
ICMB,3.15,3.18,-0.94
FORL,11.0542,11.05,0.04
PMAX,3.072,3.1,-0.9
UG,9.76,9.75,0.1
AIRE,0.97,1.09,-11.01
OCX,2.64,2.71,-2.58
DUET,11.3312,11.3312,0.0
CFSB,6.64,6.8,-2.35
ACHL,1.07,1.06,0.94
COCH,2.15,2.18,-1.38
VYNE,2.95,3.03,-2.64
PXS,3.98,4.08,-2.45
DHAI,1.03,1.07,-3.74
LINK,4.19,4.45,-5.84
GOEV,0.4212,0.45,-6.4
XCUR,26.74,18.38,45.48
ICLK,5.59,4.295,30.15
AFMD,3.0,2.62,14.5
FOXX,6.25,5.12,22.07
SYT,1.7105,1.63,4.94
VTVT,15.02,14.18,5.92
SOND,3.88,3.71,4.58
NVA,9.16,8.16,12.25
AGMH,1.81,1.73,4.62
JG,7.31,7.01,4.28
RLYB,1.05,1.02,2.94
SWVL,6.41,6.16,4.06
BYFC,7.21,7.02,2.71
FTHM,1.92,1.85,3.78
AIMAU,12.0315,11.8,1.96
INTS,2.86,2.58,10.85
OMCC,5.91,5.92,-0.17
HHS,5.91,5.875,0.6
DSWL,2.7,2.6236,2.91
FSEA,9.08,9.14,-0.66
USIO,1.57,1.47,6.8
RAND,16.49,16.3345,0.95
TACT,4.25,4.16,2.16
RFIL,4.04,4.07,-0.74
LVTX,1.61,1.6,0.63
BRFH,2.87,2.85,0.7
ISPO,3.9,3.89,0.26
NAAS,3.11,3.15,-1.27
ICAD,1.58,1.54,2.6
ANTX,1.39,1.34,3.73
FGL,2.45,2.2,11.36
YOTA,11.24,11.24,0.0
MKZR,3.08,3.17,-2.84
RAVE,2.81,2.89,-2.77
SWIN,2.5,2.49,0.4
AXDX,1.64,1.64,0.0
APWC,1.99,1.93,3.11
HKIT,1.39,1.36,2.21
JRSH,3.31,3.36,-1.49
WCT,1.91,1.98,-3.54
SURG,2.01,1.75,14.86
JYD,1.12,1.04,7.69
XOMAO,25.265,25.252,0.05
MESA,0.9774,0.8704,12.29
SJ,0.955,0.92,3.8
TPST,0.9151,0.9055,1.06
WINV,11.86,11.86,0.0
MNDO,1.96,1.96,0.0
HSON,14.55,14.83,-1.89
BGFV,1.75,1.71,2.34
XAIR,0.546,0.54,1.11
FGEN,0.39,0.3954,-1.37
FGF,31.02,29.7,4.44
BRNS,0.9744,0.8947,8.91
RAPT,1.12,1.08,3.7
BWEN,1.77,1.72,2.91
DECA,11.71,11.69,0.17
XLO,0.8816,0.892,-1.17
MLGO,0.1941,0.205,-5.32
HFBL,12.36,12.4,-0.32
WAVS,11.05,11.05,0.0
CENN,1.25,1.245,0.4
GDST,11.2,11.2,0.0
ICCM,0.7772,0.7122,9.13
RVPH,1.15,1.14,0.88
DUOT,4.57,4.58,-0.22
TRSG,2.36,2.35,0.43
SCOR,7.83,7.59,3.16
CUBA,2.42,2.4301,-0.42
NISN,8.22,8.53,-3.63
CREX,3.66,3.45,6.09
TZUP,4.06,4.41,-7.94
RENT,10.01,9.6,4.27
FPAY,1.77,1.68,5.36
WTMA,11.26,11.25,0.09
ADGM,2.6,2.47,5.26
LEXX,2.15,2.09,2.87
EDRY,13.34,14.103,-5.41
LUMO,4.3,4.31,-0.23
SOWG,3.62,3.93,-7.89
MTEN,5.93,5.96,-0.5
ABLV,0.88,0.9,-2.22
ANEB,1.4,1.46,-4.11
ARKR,10.01,10.1,-0.89
XOS,4.49,4.54,-1.1
MOGO,1.47,1.43,2.8
ELEV,0.6083,0.6034,0.81
TNXP,0.192,0.19,1.05
PBBK,14.05,14.167,-0.83
DIST,11.2,11.1844,0.14
MATH,0.93,0.991,-6.16
OKYO,1.05,1.05,0.0
NIXX,2.61,2.7,-3.33
HUIZ,0.62,0.64,-3.12
GRYP,0.6912,0.6873,0.57
IXHL,1.975,1.9803,-0.27
STBX,1.19,1.21,-1.65
TLF,4.11,4.21,-2.38
SLNHP,11.195,11.94,-6.24
XBP,1.12,1.26,-11.11
ZENA,6.42,1.79,258.66
PASG,0.621,0.505,22.97
HYFM,0.8131,0.7258,12.03
ESLA,1.0,0.91,9.89
GIFT,1.35,1.3,3.85
CMBM,1.25,1.18,5.93
CARM,0.8452,0.8225,2.76
FAAS,0.5813,0.5295,9.78
TURN,3.52,3.32,6.02
MYNA,1.39,1.37,1.46
BRAC,11.67,11.67,0.0
WVVIP,3.75,3.75,0.0
GRCE,3.44,3.28,4.88
CRIS,4.11,4.03,1.99
IRD,1.1,1.01,8.91
ACOG,5.725,5.72,0.09
CTRM,3.56,3.57,-0.28
MLEC,0.89,0.89,0.0
AWRE,1.61,1.5,7.33
GROW,2.49,2.43,2.47
BSGM,1.975,2.0,-1.25
SNAL,0.9194,0.9238,-0.48
ZOOZ,2.81,2.77,1.44
FTEK,1.1,1.07,2.8
UONEK,0.97,0.97,0.0
LTRN,3.13,3.08,1.62
CETY,0.749,0.7019,6.71
NXTC,1.2,1.19,0.84
FLUX,2.01,2.06,-2.43
OCCIN,23.85,23.85,0.0
ICCC,3.74,3.69,1.36
CLNN,4.08,4.17,-2.16
BNAI,0.8545,0.851,0.41
POCI,5.08,5.11,-0.59
AAME,1.58,1.6399,-3.65
RAYA,1.15,1.2,-4.17
MIGI,1.72,1.79,-3.91
YOTAU,11.19,11.19,0.0
AACG,1.02,1.02,0.0
SYPR,1.39,1.38,0.72
FEAM,0.4628,0.5013,-7.68
KALA,6.91,6.795,1.69
OPTX,0.8681,0.8755,-0.85
BNIX,11.18,11.18,0.0
LFMDP,22.725,22.15,2.6
NDLS,0.6932,0.7523,-7.86
CODX,0.99,1.01,-1.98
DALN,5.89,5.76,2.26
MIND,3.9,3.83,1.83
LIVE,9.9,10.0,-1.0
TPCS,3.2,3.08,3.9
CMMB,1.63,1.65,-1.21
KPLT,6.98,6.61,5.6
NTWK,2.67,2.68,-0.37
POWWP,21.83,21.0223,3.84
ECDA,0.9501,0.9701,-2.06
CLPS,1.095,1.11,-1.35
GLBS,1.48,1.5,-1.33
ANY,1.29,1.36,-5.15
LRE,2.23,2.2,1.36
DRRX,0.97,1.01,-3.96
RDI,1.45,1.44,0.69
PMN,0.92,1.0295,-10.64
INTG,13.84,13.81,0.22
FGBIP,21.7,22.17,-2.12
HTCR,1.43,1.41,1.42
CDTG,2.79,3.2,-12.81
ALTS,2.12,2.19,-3.2
MRKR,3.33,3.1,7.42
SRZN,9.09,9.15,-0.66
IRIX,1.77,1.8,-1.67
LGVN,1.96,1.89,3.7
GAME,0.9199,0.8701,5.72
RNXT,1.21,1.29,-6.2
QOMO,11.55,11.55,0.0
GDC,2.58,2.51,2.79
GTIM,2.67,2.64,1.14
GTEC,2.11,2.21,-4.52
ELBM,0.4999,0.4908,1.85
HUDI,1.995,1.95,2.31
GOVX,3.01,2.95,2.03
STEC,1.0,1.04,-3.85
SABS,3.03,3.13,-3.19
NSYS,10.11,10.4186,-2.96
MNSBP,24.1745,24.1745,0.0
DTST,3.96,3.96,0.0
PMEC,0.73,0.76,-3.95
DARE,3.18,3.34,-4.79
DFLI,3.92,4.24,-7.55
QRTEB,3.07,3.15,-2.54
XTKG,1.78,2.11,-15.64
LPCN,5.01,5.15,-2.72
SLNH,3.33,3.43,-2.92
CERO,0.1735,0.2181,-20.45
HCWB,0.6078,0.77,-21.06
AKTX,1.03,1.3,-20.77
DRIO,0.734,0.8448,-13.12
RMSG,2.46,3.09,-20.39
SKK,1.45,1.84,-21.2
STIM,0.9701,0.885,9.62
PLUR,5.27,4.9,7.55
SAG,2.95,2.74,7.66
BANL,1.01,0.99,2.02
UTSI,3.04,2.89,5.19
HOOK,2.285,2.15,6.28
IZM,2.34,2.295,1.96
HUDA,12.56,12.56,0.0
INKT,0.692,0.68,1.76
EMKR,3.0,2.96,1.35
AQU,11.1,11.1,0.0
VSEE,1.72,1.48,16.22
FEBO,2.42,1.95,24.1
OESX,0.8133,0.8202,-0.84
BANFP,25.7,25.7,0.0
NAII,4.31,4.21,2.38
CAPT,0.869,0.8491,2.34
GP,0.902,0.835,8.02
ERNA,0.514,0.52,-1.15
EQ,0.74,0.711,4.08
DMN,1.26,1.3197,-4.52
SOHOB,17.8344,17.665,0.96
OCCIM,25.06,24.93,0.52
CTXR,0.1335,0.1338,-0.22
BNGO,0.2514,0.224,12.23
MDAI,1.31,1.19,10.08
ONMD,0.911,0.8849,2.95
GDTC,2.2,2.2595,-2.63
XOMAP,25.75,25.73,0.08
NXGL,3.37,3.32,1.51
CHR,2.46,2.45,0.41
FEMY,1.1,1.05,4.76
CCLDO,16.98,16.9752,0.03
IINN,1.36,1.36,0.0
CGBS,0.3556,0.3399,4.62
BCTX,0.681,0.7297,-6.67
PYPD,3.61,3.545,1.83
SAIH,0.994,1.11,-10.45
GREE,2.14,2.16,-0.93
NXPL,0.9401,0.94,0.01
SOHOO,18.02,17.65,2.1
OCEA,0.7,0.72,-2.78
AIFF,3.3,3.0,10.0
LSTA,2.88,2.88,0.0
ATHA,0.6275,0.642,-2.26
DAIO,2.61,2.6,0.38
RAY,1.36,1.49,-8.72
MOVE,3.59,3.44,4.36
ABP,2.95,3.105,-4.99
XTLB,1.88,1.88,0.0
ABTS,0.663,0.63,5.24
CLIK,1.57,1.5148,3.64
CXAI,1.43,1.41,1.42
FBRX,16.08,16.0,0.5
EVTV,1.4,1.4,0.0
SHFS,0.421,0.425,-0.94
GLXG,1.28,1.43,-10.49
SUGP,1.7,1.65,3.03
BOLT,0.6,0.5786,3.7
KIRK,1.75,1.65,6.06
ATER,2.62,2.58,1.55
OCCIO,24.82,24.6601,0.65
BHIL,3.73,3.9,-4.36
NWGL,1.37,1.414,-3.11
PSHG,1.82,1.8,1.11
CVKD,13.56,14.99,-9.54
MDCX,2.07,1.92,7.81
COOT,0.9654,0.9488,1.75
ACXP,1.32,1.35,-2.22
PIRS,16.84,16.7747,0.39
EPOW,0.85,0.8501,-0.01
COCP,2.17,2.2,-1.36
MOBX,0.7213,0.733,-1.6
PULM,6.04,6.12,-1.31
LSH,2.94,3.24,-9.26
INAB,0.3038,0.3176,-4.35
YJ,1.755,1.7,3.24
SKYQ,1.16,1.17,-0.85
BLRX,0.2717,0.2781,-2.3
MIRA,1.31,1.32,-0.76
DTCK,0.88,0.93,-5.38
NVNI,0.7475,0.83,-9.94
CPSH,1.47,1.47,0.0
IPW,0.6791,0.7005,-3.05
JZ,1.05,1.05,0.0
CVV,3.06,3.09,-0.97
SWAG,1.13,1.12,0.89
KFFB,2.6,2.636,-1.37
RILYP,7.4,7.44,-0.54
UCAR,6.17,6.16,0.16
ASPS,0.76,0.7631,-0.41
SOHON,17.63,17.74,-0.62
CCTG,1.77,1.78,-0.56
WETH,1.71,1.775,-3.66
BTAI,0.47,0.509,-7.66
WKSP,0.6073,0.639,-4.96
FCUV,0.246,0.261,-5.75
CYTH,0.6772,0.73,-7.23
NMTC,0.6128,0.681,-10.01
YYAI,2.75,3.52,-21.87
ABVE,0.814,0.644,26.4
ENLV,1.07,0.9293,15.14
GYRO,9.9185,8.7401,13.48
SPRB,0.5122,0.4833,5.98
NRBO,2.42,2.37,2.11
RCON,2.29,2.23,2.69
RMCF,2.7,2.65,1.89
SDOT,3.56,3.36,5.95
WHLM,3.95,3.88,1.8
CMCT,0.2345,0.2245,4.45
STRRP,9.3734,9.41,-0.39
FLGC,1.51,1.43,5.59
IMPPP,25.3001,25.3001,0.0
UBX,1.19,1.14,4.39
JVA,3.48,3.49,-0.29
DRCT,1.34,1.29,3.88
SOHO,0.99,1.01,-1.98
ZKIN,0.54,0.5314,1.62
BOSC,3.37,3.3499,0.6
BFRG,2.22,1.97,12.69
CNTM,0.9067,0.8001,13.32
OXBR,3.08,3.05,0.98
DTSS,2.69,2.65,1.51
AQMS,2.66,2.16,23.15
OCC,2.3,2.3921,-3.85
MSS,0.9599,0.93,3.22
USEA,2.0898,2.05,1.94
BIAF,1.2,1.22,-1.64
HLP,1.39,1.25,11.2
PALT,2.01,1.805,11.36
GLYC,0.2872,0.3168,-9.34
ILAG,1.0199,1.02,-0.01
MEIP,2.76,2.78,-0.72
KZIA,5.49,5.76,-4.69
LFWD,2.07,1.9101,8.37
UGRO,1.48,1.54,-3.9
NRSN,0.8774,0.9,-2.51
GLBZ,6.25,5.6,11.61
MGIH,1.6,1.55,3.23
SEED,2.83,2.4459,15.7
MRNS,0.3238,0.325,-0.37
SPPL,1.1,1.2,-8.33
PRPH,0.7445,0.7689,-3.17
FBIOP,5.18,5.12,1.17
CASK,3.44,3.4,1.18
COSM,0.7498,0.744,0.78
YHGJ,0.6751,0.676,-0.13
TENX,5.06,4.92,2.85
HUBC,0.564,0.5436,3.75
SANW,7.5,6.5701,14.15
UONE,1.55,1.48,4.73
ADN,6.49,7.3,-11.1
GELS,1.81,1.83,-1.09
TURB,1.54,1.52,1.32
CGTX,0.407,0.4277,-4.84
JFU,1.43,1.365,4.76
SONM,3.4491,3.36,2.65
MBOT,0.9899,0.98,1.01
LUCY,6.86,6.56,4.57
LAES,0.4704,0.4512,4.26
CARA,0.3046,0.3051,-0.16
MHUA,0.5901,0.7192,-17.95
CPOP,1.11,1.14,-2.63
JDZG,0.68,0.6247,8.86
EDUC,1.92,1.81,6.08
LIQT,1.74,1.67,4.19
WVVI,3.31,3.31,0.0
SGMA,2.68,2.7,-0.74
VVOS,3.38,3.2,5.63
SYBX,1.39,1.43,-2.8
NEPH,1.54,1.51,1.99
XELB,0.6845,0.695,-1.51
TAIT,2.67,2.565,4.09
TXMD,1.39,1.37,1.46
LOBO,2.06,2.07,-0.48
GIGM,1.45,1.46,-0.68
EDTK,1.0354,0.97,6.74
PT,1.0,0.9978,0.22
NRXP,1.31,1.26,3.97
NXTT,2.27,2.4,-5.42
APRE,2.91,2.88,1.04
NERV,2.26,2.24,0.89
FGFPP,17.39,17.9,-2.85
SLGL,0.555,0.534,3.93
RMCO,1.03,1.02,0.98
JCTC,4.35,4.36,-0.23
EKSO,0.6905,0.691,-0.07
CING,4.7,4.72,-0.42
GFAI,1.27,1.3,-2.31
MKDW,0.8896,0.935,-4.86
CPIX,1.06,1.06,0.0
MTEX,7.88,8.3999,-6.19
SQFTP,14.5,14.4999,0.0
NCNC,0.1045,0.1045,0.0
CNFR,1.15,1.19,-3.36
AKTS,0.0909,0.1006,-9.64
HWH,0.551,0.68,-18.97
QMMM,1.09,0.7499,45.35
BBGI,9.2516,8.1,14.22
WKEY,2.39,2.09,14.35
EZFL,2.49,2.32,7.33
SMSI,0.8603,0.7621,12.89
SNSE,0.6,0.5211,15.14
MNTS,0.589,0.563,4.62
NCRA,1.07,1.0,7.0
ELSE,4.34,4.225,2.72
TOMZ,0.74,0.721,2.64
BOF,1.87,1.78,5.06
CISO,1.24,1.19,4.2
MRM,2.99,2.7078,10.42
JZXN,1.36,1.34,1.49
MTEK,1.8001,1.71,5.27
VRAR,0.7751,0.679,14.15
GORV,0.9908,1.02,-2.86
TKLF,3.32,3.34,-0.6
LRHC,0.686,0.6801,0.87
PMD,2.34,2.335,0.21
AIEV,0.2706,0.27,0.22
MDRR,12.3056,12.22,0.7
PSIG,0.56,0.5641,-0.73
HYZN,1.79,1.7,5.29
TRAW,4.46,4.4646,-0.1
CJJD,2.01,2.0017,0.41
RILYL,7.7,7.79,-1.16
PMCB,1.72,1.7,1.18
EEIQ,1.015,1.02,-0.49
STRM,3.12,3.15,-0.95
PC,0.8202,0.7091,15.67
NKGN,0.3634,0.35,3.83
MMV,0.3952,0.41,-3.61
CYN,6.42,6.1,5.25
APCX,0.47,0.475,-1.05
SVMH,0.0237,0.0246,-3.66
DPRO,3.07,2.51,22.31
ASTC,7.62,7.7,-1.04
TRIB,1.13,1.22,-7.38
DUO,0.5421,0.522,3.85
WISA,1.62,1.725,-6.09
HOVR,0.5099,0.4753,7.28
YQ,1.9,1.9,0.0
AWH,0.7499,0.7499,0.0
LYRA,0.19,0.189,0.53
TLPH,0.7297,0.6951,4.98
INDP,1.03,1.0,3.0
PETZ,1.19,1.16,2.59
SSKN,2.94,3.05,-3.61
PEV,0.3252,0.3209,1.34
ARBB,0.46,0.5222,-11.91
JAGX,1.03,1.04,-0.96
DLPN,1.08,1.07,0.93
INTJ,0.91,0.867,4.96
BLIN,1.14,1.12,1.79
CMLS,0.702,0.726,-3.31
HAO,0.235,0.245,-4.08
IMNN,0.8131,0.812,0.14
CLRO,0.49,0.495,-1.01
SIDU,1.34,1.28,4.69
CSCI,3.1,2.931,5.77
JBDI,0.5873,0.624,-5.88
MCVT,1.82,1.9,-4.21
ZCAR,5.63,6.03,-6.63
HRYU,0.2181,0.2171,0.46
CWD,0.5114,0.5213,-1.9
CJET,2.14,1.96,9.18
TOI,0.1515,0.154,-1.62
SCKT,1.5,1.47,2.04
TSBX,0.491,0.4811,2.06
LIFW,1.72,1.92,-10.42
RDIB,6.701,6.41,4.54
CLWT,1.45,1.43,1.4
VISL,4.52,4.4,2.73
GSIW,0.712,0.6669,6.76
WBUY,0.175,0.185,-5.41
PWM,1.04,1.07,-2.8
FLYE,0.45,0.4492,0.18
IPA,0.382,0.376,1.6
BSLK,0.34,0.3555,-4.36
BCDA,2.37,2.26,4.87
CDIO,0.2686,0.2654,1.21
IPDN,0.741,0.8001,-7.39
NCI,0.523,0.5451,-4.05
IMRN,1.88,1.8799,0.01
OP,1.4349,1.44,-0.35
FMST,1.46,1.48,-1.35
GVH,0.719,0.72,-0.14
FRSX,0.65,0.654,-0.61
AMPG,0.93,1.24,-25.0
TTOO,0.49,0.51,-3.92
WHLRP,3.06,3.315,-7.69
PET,0.204,0.2078,-1.83
QNTM,5.22,5.42,-3.69
PAVM,0.8901,1.0,-10.99
ELAB,0.0159,0.0201,-20.9
INHD,4.69,4.96,-5.44
LMFA,2.8,3.04,-7.89
CDT,0.091,0.104,-12.5
RVYL,1.67,1.21,38.02
APLM,9.67,9.18,5.34
MEGL,0.526,0.5,5.2
MFI,0.7985,0.7551,5.75
BRTX,1.51,1.48,2.03
AEI,1.13,1.08,4.63
QTI,0.471,0.4701,0.19
IBG,1.23,1.11,10.81
XTIA,0.047,0.0464,1.29
DOMH,1.59,1.61,-1.24
SNTI,2.18,2.1706,0.43
RDHL,7.8,6.78,15.04
GIPR,1.84,1.86,-1.08
KPRX,3.32,3.369,-1.45
LIDR,1.09,0.9639,13.08
MNDR,0.2873,0.2889,-0.55
AIHS,0.937,0.902,3.88
RVSN,0.4879,0.46,6.07
BTBD,1.58,1.566,0.89
LDTC,0.3303,0.3339,-1.08
SRM,0.699,0.678,3.1
LCFY,7.0,6.855,2.12
AYTU,1.57,1.63,-3.68
SPI,0.305,0.3172,-3.85
VRM,5.24,5.32,-1.5
VCNX,3.56,3.62,-1.66
ICU,2.13,2.05,3.9
STRR,2.93,2.94,-0.34
MBIO,0.1951,0.2051,-4.88
ATHE,1.0501,1.07,-1.86
MOB,1.4599,1.355,7.74
LEDS,1.28,1.33,-3.76
BLBX,2.6,2.655,-2.07
VRAX,2.11,2.01,4.98
SQFT,0.6349,0.5719,11.02
JL,0.29,0.2478,17.03
BLMZ,0.6777,0.561,20.8
VERB,9.15,8.94,2.35
BNZI,1.54,1.545,-0.32
TWG,0.3124,0.309,1.1
BYU,0.179,0.179,0.0
BTOG,1.41,1.405,0.36
WTO,0.3447,0.347,-0.66
SOGP,1.78,1.69,5.33
PRPO,5.9,5.9095,-0.16
OMH,0.38,0.3902,-2.61
PXDT,0.5799,0.5799,0.0
NURO,4.22,4.25,-0.71
CISS,0.84,0.8462,-0.73
VINC,0.2551,0.252,1.23
CARV,1.67,1.67,0.0
UBXG,0.287,0.2933,-2.15
RGF,0.246,0.2625,-6.29
GNPX,1.0,1.1,-9.09
HIHO,1.93,1.95,-1.03
EVGN,1.67,1.62,3.09
LQR,1.2,1.19,0.84
EVAX,1.51,1.49,1.34
BHAT,0.144,0.164,-12.2
ARTW,1.67,1.709,-2.28
XHG,1.49,1.47,1.36
ELWS,2.78,2.64,5.3
SNGX,3.34,3.31,0.91
HOLO,2.04,2.14,-4.67
FTFT,0.402,0.4,0.5
POLA,3.3,3.38,-2.37
BREA,0.649,0.5804,11.82
GRNQ,1.09,1.065,2.35
ROMA,0.69,0.684,0.88
OMEX,0.3775,0.393,-3.94
TCTM,0.83,0.8101,2.46
COEP,0.1975,0.1946,1.49
MARPS,4.055,4.06,-0.12
APDN,0.1598,0.155,3.1
ATIF,0.6755,0.6375,5.96
ASNS,1.28,1.21,5.79
MDRRP,25.57,25.3,1.07
MBRX,2.65,2.73,-2.93
TNON,2.52,2.54,-0.79
GMM,0.229,0.2411,-5.02
OTRK,1.84,1.82,1.1
FGI,0.811,0.804,0.87
BIOR,1.7,1.67,1.8
EYEN,0.0889,0.1076,-17.38
GLTO,5.73,5.62,1.96
XWEL,1.43,1.5,-4.67
VCIG,1.82,1.975,-7.85
KLTO,0.35,0.351,-0.28
JWEL,3.42,3.38,1.18
YGMZ,1.11,1.09,1.83
JXJT,1.22,1.2,1.67
PNBK,1.86,1.89,-1.59
ZAPP,1.75,1.88,-6.91
AMIX,6.33,6.28,0.8
ULY,0.536,0.5358,0.04
SLE,0.5531,0.61,-9.33
ANTE,0.4886,0.5261,-7.13
SYRS,0.2572,0.2932,-12.28
ONCO,0.8,1.09,-26.61
SMTK,5.43,3.2,69.69
KDLY,1.49,1.08,37.96
LDWY,5.0,4.13,21.07
SINT,6.34,4.96,27.82
VVPR,1.07,0.9188,16.46
BCLI,1.42,1.25,13.6
PSTV,1.23,1.18,4.24
GWAV,0.3209,0.3117,2.95
WAFU,1.62,1.6,1.25
ENSC,0.4788,0.43,11.35
BFRI,0.9202,0.87,5.77
EJH,0.818,0.742,10.24
PRZO,0.6342,0.5811,9.14
NLSP,3.56,3.43,3.79
EDSA,2.15,2.17,-0.92
IVP,0.211,0.2153,-2.0
MGOL,2.35,2.35,0.0
ABVC,0.522,0.5488,-4.88
EFOI,1.28,1.25,2.4
BON,1.69,1.57,7.64
ENG,1.3,1.36,-4.41
MRIN,2.12,2.11,0.47
VRME,0.631,0.617,2.27
INBS,1.51,1.55,-2.58
GTBP,2.96,3.06,-3.27
CNSP,0.115,0.1244,-7.56
GRI,0.739,0.689,7.26
AMST,2.36,2.42,-2.48
CUTR,0.3256,0.3166,2.84
MGRX,2.62,2.65,-1.13
ADXN,7.95,7.53,5.58
ADIL,1.01,1.01,0.0
ONVO,0.421,0.4,5.25
EVOK,4.35,4.33,0.46
ONFO,1.26,1.25,0.8
ZCMD,1.15,1.06,8.49
STSS,3.53,3.47,1.73
ATPC,1.59,1.4561,9.2
GURE,0.59,0.62,-4.84
SPCB,3.68,3.68,0.0
GENE,0.765,0.765,0.0
GDHG,1.59,1.58,0.63
AIMD,0.4513,0.4659,-3.13
XBIO,4.04,4.105,-1.58
CREG,0.7053,0.6803,3.67
VIRX,0.155,0.1607,-3.55
MULN,2.87,2.93,-2.05
DATS,2.02,2.04,-0.98
AGRI,0.0391,0.0393,-0.51
CHNR,0.6105,0.6303,-3.14
KRKR,3.08,3.1,-0.65
HOFV,0.92,0.925,-0.54
RNAZ,0.344,0.3845,-10.53
STKH,2.0509,2.27,-9.65
HTOO,0.309,0.318,-2.83
GSUN,2.98,2.83,5.3
BNRG,0.8302,0.74,12.19
KXIN,1.99,2.12,-6.13
ALZN,1.31,1.31,0.0
GV,1.55,1.53,1.31
SUNE,3.21,3.12,2.88
SGLY,1.66,1.61,3.11
IMCC,2.59,2.61,-0.77
KITT,0.8926,1.06,-15.79
APVO,0.3077,0.3077,0.0
HOTH,0.823,0.84,-2.02
ALLR,1.28,1.27,0.79
AEMD,0.4032,0.4043,-0.27
FATBB,4.42,4.6,-3.91
JCSE,1.12,1.138,-1.58
OCG,1.2242,1.28,-4.36
ALCE,1.26,1.36,-7.35
JNVR,0.4869,0.4796,1.52
WHLR,8.49,8.5,-0.12
BNOX,0.2813,0.2946,-4.5
LITM,0.1912,0.2099,-8.91
BMRA,0.321,0.314,2.23
CMND,1.33,1.33,0.0
CDZIP,16.3611,16.195,1.03
TRUG,0.4526,0.4325,4.65
IMG,0.63,0.59,6.78
SNTG,1.91,1.91,0.0
UPXI,5.07,5.64,-10.11
CTCX,0.2519,0.2455,2.61
BCAN,8.01,8.0,0.13
CREV,2.78,2.8,-0.71
NUWE,1.17,1.21,-3.31
AYRO,0.747,0.7401,0.93
HCTI,0.89,1.09,-18.35
INTZ,0.6172,0.6206,-0.55
XPON,2.37,2.45,-3.27
KAVL,0.7198,0.787,-8.54
LGCB,0.2258,0.2261,-0.13
IVDA,1.795,2.15,-16.51
YOSH,3.3,3.615,-8.71
JTAI,5.56,5.93,-6.24
REBN,1.24,1.42,-12.68
BGLC,0.25,0.2912,-14.15
NIVF,0.416,0.509,-18.27
CRKN,0.423,0.6576,-35.68
ADTX,0.4,0.3389,18.03
BENF,1.02,0.95,7.37
PPBT,2.74,2.19,25.11
POAI,0.7543,0.72,4.76
PRTG,4.72,4.62,2.16
WORX,3.0,2.1,42.86
SBFM,2.44,2.36,3.39
NMHI,2.5,2.31,8.23
WINT,0.5565,0.503,10.64
CHEK,0.8177,0.8221,-0.54
LFLY,1.55,1.51,2.65
HEPA,0.683,0.6645,2.78
PIK,2.43,2.21,9.95
CEAD,5.98,5.9966,-0.28
CTNT,1.91,1.86,2.69
SOBR,5.07,4.32,17.36
LIXT,2.07,1.63,26.99
NAYA,0.92,0.864,6.48
MYNZ,0.2068,0.2075,-0.34
OCTO,1.85,1.76,5.11
CELZ,2.58,2.545,1.38
VS,1.62,1.65,-1.82
SISI,2.56,2.77,-7.58
NUKK,1.67,1.75,-4.57
PTIX,0.646,0.65,-0.62
ATNF,2.22,2.25,-1.33
ICCT,0.1785,0.17,5.0
FORD,3.93,3.87,1.55
GLMD,2.87,2.75,4.36
MSGM,1.11,1.11,0.0
DBGI,0.1108,0.1213,-8.66
NXU,0.2645,0.2699,-2.0
SLXN,0.3075,0.307,0.16
LUXHP,14.3,13.87,3.1
BOXL,0.427,0.41,4.15
NVFY,0.5801,0.6144,-5.58
XXII,0.0902,0.0941,-4.14
IDAI,0.18,0.1755,2.56
TIRX,1.74,1.78,-2.25
WATT,0.4701,0.46,2.2
ICON,2.84,2.775,2.34
DGLY,0.842,0.821,2.56
RSLS,5.75,5.55,3.6
ISPC,4.24,4.44,-4.5
PLRZ,0.9687,0.9356,3.54
VEEE,0.42,0.42,0.0
OBLG,3.48,3.39,2.65
OLB,1.85,1.95,-5.13
IMTE,1.16,1.21,-4.13
ATXI,2.08,2.01,3.48
LKCO,1.62,1.74,-6.9
CYCN,1.45,1.43,1.4
APM,0.7,0.74,-5.41
SNOA,2.93,2.85,2.81
CTHR,1.29,1.305,-1.15
SILO,0.871,0.86,1.28
AQB,1.01,0.936,7.91
XRTX,1.2,1.22,-1.64
KTTA,3.05,3.1,-1.61
TNFA,1.4,1.34,4.48
RETO,0.9997,0.9499,5.24
IFBD,1.92,1.84,4.35
ADD,6.15,5.3,16.04
TCRT,2.36,2.39,-1.26
VRPX,0.4666,0.567,-17.71
RKDA,2.76,2.74,0.73
FRES,1.1437,1.31,-12.69
SYTA,0.93,0.98,-5.1
VSME,1.14,1.11,2.7
PSNYW,0.147,0.1388,5.91
SNPX,2.71,2.6,4.23
SYRA,0.3735,0.3659,2.08
THAR,2.45,2.56,-4.3
SOPA,0.9899,0.95,4.2
TGL,0.324,0.3252,-0.37
APTO,0.1842,0.19,-3.05
RIME,0.2521,0.253,-0.36
ARTL,1.11,1.11,0.0
STAF,2.34,2.48,-5.65
LIPO,2.96,2.63,12.55
DWTX,2.68,2.55,5.1
OST,0.2114,0.219,-3.47
QLGN,4.7808,4.831,-1.04
TTNP,3.8357,3.71,3.39
BPTH,0.8046,0.82,-1.88
GXAI,1.2,1.19,0.84
LGMK,1.88,2.05,-8.29
ATXG,0.56,0.5537,1.14
ASTI,2.54,2.5,1.6
CNET,1.7,1.66,2.41
INM,4.5,4.66,-3.43
PRSO,0.842,0.85,-0.94
ENVB,0.3219,0.3333,-3.42
PALI,2.4,2.44,-1.64
REVB,0.7426,0.755,-1.64
SHPH,0.861,0.871,-1.15
AUUD,0.553,0.571,-3.15
LTRY,0.334,0.3431,-2.65
ONCT,0.71,1.14,-37.72
NTRP,2.77,1.76,57.39
WLDS,2.76,1.88,46.81
SGD,2.21,1.9,16.32
BBLG,1.31,1.25,4.8
AEHL,0.2606,0.2563,1.69
NVVE,3.66,3.59,1.95
PCSA,0.978,0.8601,13.71
LUXH,1.4,1.4,0.0
LYT,1.66,1.63,1.84
SNAX,0.9389,0.96,-2.2
SPGC,1.69,1.5918,6.17
PBM,0.0479,0.0435,10.11
SCNI,3.53,3.54,-0.28
BAOS,1.96,1.847,6.12
NDRA,5.52,5.09,8.45
ALBT,2.7,2.49,8.43
VLCN,5.24,4.92,6.5
UPC,1.86,1.93,-3.63
PTPI,0.29,0.2699,7.45
BDRX,4.98,4.57,8.97
EDBL,0.153,0.1604,-4.61
BKYI,0.92,0.88,4.55
NCNA,1.26,1.23,2.44
FAMI,0.2667,0.28,-4.75
WNW,0.845,0.8355,1.14
TRNR,3.14,3.12,0.64
CETX,0.1102,0.1149,-4.09
LXEH,2.4,2.15,11.63
RELI,1.6,1.29,24.03
SXTP,1.17,0.9,30.0
MTEM,0.4016,0.3353,19.77
CMAX,0.692,0.72,-3.89
ZVSA,1.11,1.13,-1.77
XYLO,3.5413,3.19,11.01
PHIO,2.45,2.47,-0.81
NAOV,0.688,0.7061,-2.56
EAST,0.571,0.56,1.96
AVGR,0.8,0.829,-3.5
TC,0.96,0.86,11.63
GNLN,1.89,1.8,5.0
HSCS,2.76,2.6699,3.37
ASST,0.5753,0.6387,-9.93
SPRC,0.2423,0.2453,-1.22
SNES,2.38,2.28,4.39
EZGO,0.9538,0.99,-3.66
SBET,0.6782,0.68,-0.26
CNEY,0.3401,0.33,3.06
DRMA,1.15,1.1371,1.13
MDJH,0.1629,0.158,3.1
JFBR,3.26,2.87,13.59
SONN,2.79,2.98,-6.38
AREB,2.15,2.24,-4.02
CYCCP,6.94,6.94,0.0
VERO,0.315,0.325,-3.08
TAOP,0.3412,0.3393,0.56
DEVS,0.5176,0.5485,-5.62
ENTO,0.471,0.4533,3.9
NITO,0.1941,0.213,-8.87
SLRX,1.52,1.37,10.95
CYCC,0.344,0.356,-3.37
TIVC,0.2551,0.2475,3.07
FRGT,1.46,1.47,-0.68
BJDX,3.75,3.52,6.53
KWE,0.75,0.8451,-11.25
MYSZ,1.5113,1.35,11.95
VMAR,2.43,2.7,-10.0
BSFC,0.239,0.227,5.29
SVRE,1.15,1.1299,1.78
BACK,1.07,1.08,-0.93
ACON,0.1765,0.1758,0.4
UK,1.22,1.23,-0.81
HSDT,0.4602,0.4532,1.54
PRFX,2.85,2.97,-4.04
AKAN,1.5,1.36,10.29
CYTO,0.4257,0.423,0.64
NCPL,2.06,1.77,16.38
GCTK,0.26,0.2599,0.04
TFFP,0.3241,0.3402,-4.73
SXTC,0.395,0.383,3.14
TANH,0.1488,0.1505,-1.13
SGBX,0.4855,0.522,-6.99
LGHL,0.186,0.1941,-4.17
SMX,0.2123,0.2305,-7.9
QNRX,0.595,0.585,1.71
TCBP,0.656,0.6239,5.15
FRMEP,25.5282,25.5282,0.0
BHFAL,24.75,24.41,1.39
JSM,19.98,20.02,-0.2
OPINL,12.45,11.08,12.36
RILYM,23.65,23.4,1.07
HROWL,25.39,25.3639,0.1
RILYK,19.71,19.53,0.92
SNCRL,24.98,24.99,-0.04
METCL,25.5,25.41,0.35
RILYZ,10.1435,9.72,4.36
WHLRL,145.5,145.5,0.0
GREEL,10.68,10.8633,-1.69
ARBKL,8.48,8.5601,-0.94
FOSLL,13.2495,13.53,-2.07
ATLCL,24.04,24.05,-0.04
RILYG,13.04,12.9,1.09
HROWM,26.24,26.3501,-0.42
SWKHL,25.48,25.55,-0.27
ABLLL,26.2407,26.3627,-0.46
AITRR,0.137,0.1294,5.87
ATLCZ,24.91,24.87,0.16
NEWTG,25.515,25.5599,-0.18
NYMTI,25.29,25.22,0.28
NEWTH,25.22,25.19,0.12
CGTL,0.0,0.0,0.0
NCEW,4.0,4.0,0.0
MBINL,25.44,25.44,0.0
